Date,Close,High,Low,Open,Volume
2021-02-12,101500.0,104000.0,100800.0,104000.0,62
2021-02-16,101700.0,102500.0,101000.0,101500.0,38
2021-02-17,101500.0,101900.0,101500.0,101900.0,35
2021-02-18,102100.0,103100.0,101500.0,101500.0,11
2021-02-19,102400.0,103700.0,102000.0,102800.0,27
2021-02-22,102000.0,102900.0,101800.0,102900.0,11
2021-02-23,101800.0,102500.0,101100.0,101700.0,13
2021-02-24,103700.0,104200.0,101500.0,101800.0,22
2021-02-25,102200.0,103900.0,101800.0,103050.0,7
2021-02-26,102100.0,102500.0,100900.0,102500.0,13
2021-03-01,101300.0,102600.0,101200.0,102600.0,3
2021-03-02,101000.0,101400.0,100600.0,101300.0,12
2021-03-03,100000.0,101300.0,99100.0,101300.0,11
2021-03-04,99800.0,100400.0,99500.0,100400.0,11
2021-03-05,99200.0,100800.0,98100.0,100800.0,13
2021-03-08,98700.0,100400.0,98500.0,99600.0,12
2021-03-09,99100.0,99200.0,98700.0,99000.0,2
2021-03-10,99200.0,99200.0,98300.0,99000.0,18
2021-03-11,99200.0,99200.0,98800.0,98800.0,1
2021-03-12,99000.0,99400.0,98500.0,99000.0,26
2021-03-15,99000.0,99000.0,99000.0,99000.0,0
2021-03-16,98600.0,98600.0,98500.0,98600.0,3
2021-03-17,98500.0,99100.0,98000.0,99100.0,8
2021-03-18,98600.0,98700.0,98000.0,98500.0,15
2021-03-19,98000.0,98600.0,98000.0,98200.0,1
2021-03-22,98300.0,98500.0,98000.0,98000.0,1
2021-03-23,97700.0,98350.0,97000.0,98000.0,11
2021-03-24,96600.0,97100.0,96300.0,97100.0,14
2021-03-25,96800.0,96800.0,96100.0,96100.0,2
2021-03-26,97700.0,98000.0,96500.0,96900.0,3
2021-03-29,97000.0,97550.0,96100.0,97000.0,1
2021-03-30,98300.0,98300.0,98300.0,98300.0,0
2021-03-31,98900.0,101000.0,96700.0,97250.0,42
2021-04-01,98800.0,99800.0,98180.0,99800.0,4
2021-04-05,98500.0,99400.0,98300.0,99400.0,8
2021-04-06,98300.0,98850.0,98300.0,98500.0,9
2021-04-07,97800.0,98300.0,97800.0,98300.0,2
2021-04-08,99300.0,99300.0,98000.0,98000.0,3
2021-04-09,99300.0,99350.0,98500.0,98720.0,4
2021-04-12,98350.0,98650.0,97600.0,98650.0,0
2021-04-13,99050.0,99050.0,98500.0,98500.0,3
2021-04-14,99000.0,99000.0,98500.0,98600.0,0
2021-04-15,98600.0,99400.0,98600.0,98710.0,1
2021-04-16,98600.0,98700.0,98100.0,98500.0,1
2021-04-19,98500.0,98500.0,98000.0,98100.0,2
2021-04-20,97700.0,98690.0,97700.0,98690.0,0
2021-04-21,98100.0,98100.0,97700.0,97800.0,7
2021-04-22,98500.0,99300.0,98100.0,98100.0,2
2021-04-23,98800.0,99050.0,97900.0,98500.0,2
2021-04-26,98350.0,98350.0,98200.0,98200.0,0
2021-04-27,97000.0,98500.0,96900.0,98500.0,47
2021-04-28,97500.0,97500.0,97200.0,97200.0,18
2021-04-29,98000.0,98000.0,97300.0,97900.0,3
2021-04-30,98600.0,98900.0,98370.0,98370.0,0
2021-05-03,98200.0,98800.0,97600.0,97700.0,2
2021-05-04,97900.0,98000.0,97200.0,97300.0,27
2021-05-05,98300.0,98400.0,97700.0,97700.0,2
2021-05-06,98400.0,98500.0,98000.0,98000.0,20
2021-05-07,98600.0,98600.0,97600.0,97700.0,3
2021-05-10,98600.0,98700.0,97730.0,98700.0,24
2021-05-11,98000.0,98500.0,97500.0,98400.0,14
2021-05-12,98300.0,98400.0,97700.0,97900.0,5
2021-05-13,98200.0,98300.0,97600.0,97600.0,4
2021-05-14,98000.0,98280.0,97700.0,97800.0,6
2021-05-17,98000.0,98000.0,97800.0,98000.0,3
2021-05-18,98000.0,98000.0,98000.0,98000.0,0
2021-05-19,97800.0,98000.0,97800.0,97820.0,0
2021-05-20,97620.0,97780.0,97500.0,97500.0,0
2021-05-21,98000.0,98000.0,97300.0,97300.0,6
2021-05-24,97500.0,97500.0,97410.0,97410.0,0
2021-05-25,97700.0,97750.0,97400.0,97750.0,0
2021-05-26,97600.0,97900.0,97400.0,97900.0,0
2021-05-27,97320.0,97600.0,97320.0,97600.0,0
2021-05-28,97600.0,97600.0,97300.0,97300.0,1
2021-06-01,97300.0,97600.0,97300.0,97600.0,0
2021-06-02,97300.0,97450.0,97300.0,97450.0,0
2021-06-03,97400.0,97400.0,97300.0,97360.0,0
2021-06-04,97500.0,97500.0,97500.0,97500.0,0
2021-06-07,97700.0,98100.0,97350.0,97500.0,1
2021-06-08,97310.0,97310.0,97300.0,97300.0,0
2021-06-09,97500.0,98100.0,97500.0,98100.0,0
2021-06-10,97900.0,98100.0,97600.0,97600.0,2
2021-06-11,97700.0,98100.0,97700.0,98000.0,1
2021-06-14,97400.0,98000.0,97200.0,97910.0,4
2021-06-15,97300.0,97300.0,97000.0,97300.0,0
2021-06-16,97300.0,97300.0,97300.0,97300.0,0
2021-06-17,97400.0,97400.0,97300.0,97300.0,0
2021-06-18,97400.0,97500.0,97400.0,97500.0,2
2021-06-21,97400.0,97400.0,97400.0,97400.0,0
2021-06-22,97500.0,98200.0,97300.0,97300.0,3
2021-06-23,97500.0,97500.0,97500.0,97500.0,0
2021-06-24,97750.0,97930.0,97500.0,97750.0,0
2021-06-25,97500.0,97800.0,97350.0,97500.0,0
2021-06-28,97200.0,97500.0,96800.0,97400.0,1
2021-06-29,97100.0,97550.0,96900.0,97550.0,0
2021-06-30,96800.0,96900.0,96800.0,96800.0,1
2021-07-01,96800.0,97250.0,96800.0,97250.0,0
2021-07-02,96800.0,97000.0,96800.0,97000.0,0
2021-07-06,96800.0,97150.0,96800.0,97000.0,1
2021-07-07,96900.0,97100.0,96800.0,97000.0,0
2021-07-08,96800.0,96800.0,96800.0,96800.0,0
2021-07-09,96900.0,96900.0,96800.0,96800.0,1
2021-07-12,96800.0,96900.0,96800.0,96900.0,0
2021-07-13,96900.0,97100.0,96800.0,97100.0,0
2021-07-14,97000.0,97100.0,96800.0,97100.0,0
2021-07-15,97000.0,97000.0,97000.0,97000.0,0
2021-07-16,96900.0,97100.0,96900.0,96900.0,0
2021-07-19,96800.0,97100.0,96800.0,96870.0,1
2021-07-20,96800.0,96800.0,96600.0,96800.0,0
2021-07-21,97000.0,97100.0,96700.0,96800.0,1
2021-07-22,96800.0,97200.0,96800.0,97200.0,0
2021-07-23,97000.0,97240.0,97000.0,97000.0,0
2021-07-26,96800.0,96800.0,96600.0,96800.0,0
2021-07-27,97200.0,97200.0,97200.0,97200.0,0
2021-07-28,96900.0,96900.0,96900.0,96900.0,0
2021-07-29,96900.0,97150.0,96900.0,96900.0,0
2021-07-30,97070.0,97190.0,96900.0,97150.0,0
2021-08-02,97000.0,97100.0,96300.0,96300.0,0
2021-08-03,97100.0,97200.0,97000.0,97200.0,0
2021-08-04,96700.0,96770.0,96700.0,96770.0,0
2021-08-05,96900.0,96900.0,96800.0,96800.0,1
2021-08-06,97900.0,98000.0,97900.0,98000.0,0
2021-08-09,96800.0,96800.0,96800.0,96800.0,0
2021-08-10,96800.0,96800.0,96800.0,96800.0,0
2021-08-11,97800.0,97800.0,97800.0,97800.0,0
2021-08-12,97600.0,97600.0,97600.0,97600.0,0
2021-08-13,97800.0,97800.0,96700.0,97400.0,0
2021-08-16,96500.0,97800.0,96500.0,97800.0,0
2021-08-17,96300.0,96400.0,96100.0,96300.0,0
2021-08-18,96300.0,96300.0,96300.0,96300.0,0
2021-08-19,96800.0,96900.0,96650.0,96900.0,0
2021-08-20,97000.0,97400.0,97000.0,97000.0,2
2021-08-23,96300.0,96300.0,96300.0,96300.0,0
2021-08-24,96800.0,96800.0,96800.0,96800.0,0
2021-08-25,97300.0,97300.0,97300.0,97300.0,8
2021-08-26,97430.0,97600.0,97430.0,97600.0,0
2021-08-27,97430.0,97430.0,97430.0,97430.0,0
2021-08-30,96500.0,96550.0,96500.0,96550.0,0
2021-08-31,97500.0,97700.0,96600.0,96600.0,0
2021-09-01,96200.0,96200.0,96200.0,96200.0,0
2021-09-02,96500.0,96500.0,96400.0,96500.0,0
2021-09-03,97100.0,97100.0,96400.0,96500.0,0
2021-09-07,97010.0,97010.0,96500.0,96500.0,0
2021-09-08,97010.0,97010.0,97010.0,97010.0,0
2021-09-09,97010.0,97010.0,97010.0,97010.0,0
2021-09-10,97010.0,97010.0,97010.0,97010.0,0
2021-09-13,96800.0,96800.0,96800.0,96800.0,0
2021-09-14,96900.0,97430.0,96900.0,97200.0,0
2021-09-15,97000.0,97200.0,96900.0,96900.0,1
2021-09-16,96800.0,97500.0,96800.0,97500.0,0
2021-09-17,96800.0,96800.0,96800.0,96800.0,0
2021-09-20,97440.0,97500.0,96700.0,97000.0,3
2021-09-21,97440.0,97440.0,97440.0,97440.0,0
2021-09-22,97040.0,97040.0,97040.0,97040.0,0
2021-09-23,96930.0,97330.0,96930.0,97330.0,0
2021-09-24,97400.0,97400.0,96900.0,96900.0,0
2021-09-27,97400.0,97400.0,97000.0,97000.0,0
2021-09-28,97000.0,97000.0,97000.0,97000.0,0
2021-09-29,97300.0,97400.0,97000.0,97000.0,0
2021-09-30,97300.0,97350.0,97230.0,97230.0,75
2021-10-01,97300.0,97600.0,97150.0,97500.0,19
2021-10-04,97300.0,97500.0,97300.0,97500.0,0
2021-10-05,97200.0,97800.0,97200.0,97200.0,0
2021-10-06,97500.0,97600.0,97350.0,97350.0,1
2021-10-07,97700.0,97700.0,97400.0,97400.0,0
2021-10-08,97700.0,97700.0,97200.0,97200.0,0
2021-10-11,97600.0,97700.0,97600.0,97700.0,0
2021-10-12,97700.0,97700.0,97500.0,97500.0,0
2021-10-13,97800.0,97800.0,97200.0,97700.0,22
2021-10-14,97700.0,97700.0,97560.0,97560.0,0
2021-10-15,97800.0,97800.0,97500.0,97500.0,0
2021-10-18,97500.0,97800.0,97500.0,97500.0,0
2021-10-19,97500.0,97500.0,97500.0,97500.0,0
2021-10-20,97500.0,97500.0,97500.0,97500.0,0
2021-10-21,97500.0,97500.0,97500.0,97500.0,0
2021-10-22,97800.0,97800.0,97500.0,97500.0,10
2021-10-25,97800.0,97800.0,97800.0,97800.0,0
2021-10-26,97800.0,97800.0,97600.0,97740.0,0
2021-10-27,97800.0,97800.0,97500.0,97500.0,1
2021-10-28,97800.0,97800.0,97500.0,97500.0,0
2021-10-29,97600.0,97800.0,97600.0,97600.0,0
2021-11-01,97800.0,97800.0,97780.0,97780.0,0
2021-11-02,97700.0,97700.0,97640.0,97640.0,0
2021-11-03,97800.0,97800.0,97600.0,97600.0,0
2021-11-04,97800.0,97800.0,97800.0,97800.0,0
2021-11-05,97800.0,97800.0,97700.0,97740.0,0
2021-11-08,97800.0,97800.0,97800.0,97800.0,0
2021-11-09,97800.0,97800.0,97800.0,97800.0,0
2021-11-10,97700.0,97800.0,97600.0,97700.0,1
2021-11-11,97800.0,97800.0,97500.0,97600.0,0
2021-11-12,97800.0,97800.0,97700.0,97700.0,0
2021-11-15,97800.0,97800.0,97700.0,97700.0,0
2021-11-16,97900.0,97900.0,97600.0,97700.0,2
2021-11-17,97900.0,97900.0,97600.0,97800.0,46
2021-11-18,97900.0,97900.0,97900.0,97900.0,0
2021-11-19,97900.0,97900.0,97900.0,97900.0,0
2021-11-22,97800.0,97800.0,97500.0,97500.0,1
2021-11-23,98000.0,98000.0,97600.0,97900.0,1
2021-11-24,98000.0,98000.0,98000.0,98000.0,0
2021-11-26,98000.0,98000.0,97300.0,97300.0,0
2021-11-29,98000.0,98000.0,97400.0,97400.0,17
2021-11-30,98000.0,98000.0,97700.0,97700.0,11
2021-12-01,98000.0,98000.0,97500.0,98000.0,9
2021-12-02,98200.0,98200.0,97500.0,97900.0,9
2021-12-03,97800.0,97900.0,97300.0,97600.0,0
2021-12-06,97800.0,97800.0,97800.0,97800.0,0
2021-12-07,97900.0,97900.0,97900.0,97900.0,0
2021-12-08,97900.0,98000.0,97800.0,97800.0,0
2021-12-09,98200.0,98200.0,97900.0,98000.0,1
2021-12-10,98100.0,98100.0,97700.0,97700.0,0
2021-12-13,97600.0,97600.0,97600.0,97600.0,0
2021-12-14,98000.0,98000.0,97700.0,97700.0,57
2021-12-15,98000.0,98000.0,98000.0,98000.0,0
2021-12-16,97600.0,98000.0,97000.0,98000.0,1
2021-12-17,98000.0,98000.0,97500.0,97500.0,0
2021-12-20,97000.0,97000.0,97000.0,97000.0,0
2021-12-21,97000.0,97000.0,97000.0,97000.0,0
2021-12-22,97000.0,97000.0,97000.0,97000.0,0
2021-12-23,97000.0,97000.0,97000.0,97000.0,0
2021-12-27,97000.0,97000.0,97000.0,97000.0,0
2021-12-28,97200.0,97900.0,97200.0,97200.0,1
2021-12-29,97800.0,97800.0,97200.0,97200.0,0
2021-12-30,97500.0,97500.0,97500.0,97500.0,0
2021-12-31,97600.0,97800.0,97400.0,97400.0,0
2022-01-03,98300.0,98300.0,97700.0,97700.0,5
2022-01-04,97700.0,97700.0,97700.0,97700.0,0
2022-01-05,97700.0,97700.0,97700.0,97700.0,0
2022-01-06,97600.0,97600.0,97600.0,97600.0,8
2022-01-07,97900.0,97900.0,97500.0,97500.0,0
2022-01-10,97900.0,97900.0,97900.0,97900.0,0
2022-01-11,97900.0,97900.0,97900.0,97900.0,0
2022-01-12,97600.0,97600.0,97600.0,97600.0,0
2022-01-13,97600.0,97600.0,97600.0,97600.0,0
2022-01-14,97600.0,97600.0,97600.0,97600.0,0
2022-01-18,97600.0,97600.0,97600.0,97600.0,0
2022-01-19,97470.0,97470.0,97300.0,97400.0,0
2022-01-20,97500.0,97500.0,97500.0,97500.0,1
2022-01-21,97200.0,97200.0,97200.0,97200.0,1
2022-01-24,97200.0,97210.0,97200.0,97200.0,1
2022-01-25,97700.0,97700.0,97200.0,97200.0,1
2022-01-26,97700.0,97700.0,97700.0,97700.0,0
2022-01-27,97120.0,97700.0,97100.0,97100.0,1
2022-01-28,97340.0,97500.0,97200.0,97200.0,1
2022-01-31,97450.0,97700.0,97300.0,97300.0,1
2022-02-01,97550.0,97700.0,97550.0,97600.0,1
2022-02-02,97400.0,97400.0,97400.0,97400.0,0
2022-02-03,97500.0,97500.0,97400.0,97400.0,7
2022-02-04,97400.0,97500.0,97300.0,97500.0,2
2022-02-07,97700.0,97700.0,97500.0,97600.0,8
2022-02-08,97500.0,97500.0,97500.0,97500.0,0
2022-02-09,97700.0,97700.0,97400.0,97400.0,0
2022-02-10,97700.0,97800.0,97700.0,97800.0,1
2022-02-11,97700.0,97700.0,97700.0,97700.0,0
2022-02-14,97630.0,97690.0,97630.0,97690.0,0
2022-02-15,97800.0,97800.0,97800.0,97800.0,1
2022-02-16,97800.0,97800.0,97800.0,97800.0,2
2022-02-17,98000.0,98000.0,97700.0,97700.0,1
2022-02-18,97800.0,97800.0,97700.0,97800.0,9
2022-02-22,97800.0,98100.0,97700.0,97700.0,2
2022-02-23,97700.0,97700.0,97700.0,97700.0,80
2022-02-24,97600.0,97800.0,97600.0,97800.0,0
2022-02-25,97700.0,97800.0,97700.0,97700.0,30
2022-02-28,97700.0,97700.0,97700.0,97700.0,1
2022-03-01,97700.0,97900.0,97700.0,97800.0,17
2022-03-02,97700.0,97700.0,97700.0,97700.0,16
2022-03-03,97900.0,97900.0,97900.0,97900.0,1
2022-03-04,97900.0,97900.0,97900.0,97900.0,1
2022-03-07,97800.0,97800.0,97800.0,97800.0,0
2022-03-08,97800.0,97800.0,97800.0,97800.0,0
2022-03-09,97900.0,97900.0,97800.0,97900.0,8
2022-03-10,97900.0,97900.0,97900.0,97900.0,72
2022-03-11,97900.0,98100.0,97900.0,98000.0,0
2022-03-14,97900.0,97900.0,97900.0,97900.0,1
2022-03-15,97700.0,98000.0,97500.0,97800.0,47
2022-03-16,97800.0,97800.0,97700.0,97700.0,0
2022-03-17,97800.0,97800.0,97800.0,97800.0,0
2022-03-18,97900.0,98000.0,97900.0,97900.0,1
2022-03-21,97900.0,98100.0,97800.0,98100.0,2
2022-03-22,97900.0,97900.0,97900.0,97900.0,0
2022-03-23,97900.0,97900.0,97900.0,97900.0,0
2022-03-24,97900.0,97900.0,97900.0,97900.0,0
2022-03-25,98000.0,98000.0,98000.0,98000.0,3
2022-03-28,98000.0,98000.0,97800.0,97800.0,20
2022-03-29,98000.0,98200.0,97900.0,98100.0,1
2022-03-30,97900.0,98300.0,97900.0,98300.0,20
2022-03-31,98000.0,98000.0,97900.0,97900.0,0
2022-04-01,98000.0,98000.0,98000.0,98000.0,0
2022-04-04,98000.0,98000.0,98000.0,98000.0,0
2022-04-05,98300.0,98300.0,98000.0,98000.0,0
2022-04-06,98100.0,98100.0,98000.0,98000.0,0
2022-04-07,98100.0,98100.0,98100.0,98100.0,0
2022-04-08,98400.0,98400.0,98250.0,98400.0,17
2022-04-11,98200.0,98400.0,98200.0,98300.0,1
2022-04-12,98200.0,98700.0,98200.0,98700.0,1
2022-04-13,98200.0,98200.0,98200.0,98200.0,0
2022-04-14,98400.0,98450.0,98300.0,98450.0,0
2022-04-18,98350.0,98350.0,98350.0,98350.0,0
2022-04-19,98350.0,98350.0,98350.0,98350.0,0
2022-04-20,98350.0,98350.0,98350.0,98350.0,0
2022-04-21,98320.0,98500.0,98300.0,98500.0,2
2022-04-22,98350.0,98350.0,98300.0,98300.0,4
2022-04-25,98300.0,98310.0,98300.0,98300.0,0
2022-04-26,98400.0,98400.0,98300.0,98300.0,0
2022-04-27,98400.0,98400.0,98400.0,98400.0,0
2022-04-28,98450.0,98450.0,98450.0,98450.0,0
2022-04-29,98300.0,98300.0,98300.0,98300.0,0
2022-05-02,98500.0,98500.0,98500.0,98500.0,0
2022-05-03,98300.0,98300.0,98300.0,98300.0,0
2022-05-04,98400.0,98500.0,98400.0,98500.0,1
2022-05-05,98300.0,98400.0,98300.0,98400.0,75
2022-05-06,98300.0,98300.0,98300.0,98300.0,0
2022-05-09,98300.0,98300.0,98300.0,98300.0,0
2022-05-10,98200.0,98300.0,98200.0,98300.0,1
2022-05-11,98000.0,98100.0,98000.0,98100.0,2
2022-05-12,98200.0,98200.0,98000.0,98000.0,3
2022-05-13,98300.0,98300.0,98200.0,98200.0,0
2022-05-16,98200.0,98200.0,98200.0,98200.0,0
2022-05-17,98100.0,98200.0,98100.0,98200.0,3
2022-05-18,98100.0,98100.0,98100.0,98100.0,0
2022-05-19,98100.0,98100.0,98100.0,98100.0,0
2022-05-20,98100.0,98100.0,98100.0,98100.0,0
2022-05-23,98200.0,98200.0,98200.0,98200.0,0
2022-05-24,98200.0,98200.0,98100.0,98200.0,91
2022-05-25,98200.0,98200.0,98200.0,98200.0,0
2022-05-26,98200.0,98200.0,98200.0,98200.0,0
2022-05-27,98250.0,98250.0,98200.0,98200.0,21
2022-05-31,98300.0,98300.0,98200.0,98200.0,3
2022-06-01,98200.0,98300.0,98100.0,98300.0,10
2022-06-02,98200.0,98200.0,98200.0,98200.0,0
2022-06-03,98200.0,98200.0,98200.0,98200.0,0
2022-06-06,98200.0,98800.0,98200.0,98800.0,0
2022-06-07,98300.0,98300.0,98300.0,98300.0,0
2022-06-08,98300.0,98300.0,98300.0,98300.0,0
2022-06-09,98440.0,98440.0,98440.0,98440.0,0
2022-06-10,98400.0,98500.0,98400.0,98400.0,0
2022-06-13,98400.0,98400.0,98250.0,98300.0,12
2022-06-14,98400.0,98400.0,98320.0,98400.0,0
2022-06-15,98390.0,98400.0,98300.0,98400.0,0
2022-06-16,98300.0,98300.0,98300.0,98300.0,2
2022-06-17,98700.0,98700.0,98200.0,98400.0,3
2022-06-21,98900.0,98900.0,98900.0,98900.0,0
2022-06-22,98200.0,98200.0,98200.0,98200.0,1
2022-06-23,98300.0,98400.0,98200.0,98200.0,1
2022-06-24,98300.0,98300.0,98300.0,98300.0,0
2022-06-27,98300.0,98300.0,98300.0,98300.0,0
2022-06-28,98500.0,98600.0,98500.0,98500.0,0
2022-06-29,98400.0,98500.0,98400.0,98500.0,0
2022-06-30,98400.0,98500.0,98400.0,98500.0,0
2022-07-01,98400.0,98400.0,98400.0,98400.0,0
2022-07-05,98400.0,98700.0,98300.0,98500.0,15
2022-07-06,98500.0,98500.0,98500.0,98500.0,0
2022-07-07,98300.0,98450.0,98300.0,98450.0,0
2022-07-08,98300.0,98300.0,98300.0,98300.0,0
2022-07-11,98300.0,98300.0,98300.0,98300.0,0
2022-07-12,98500.0,98500.0,98500.0,98500.0,0
2022-07-13,98500.0,98500.0,98500.0,98500.0,0
2022-07-14,98500.0,98500.0,98500.0,98500.0,0
2022-07-15,98500.0,98500.0,98500.0,98500.0,80
2022-07-18,98500.0,98700.0,98500.0,98500.0,0
2022-07-19,98700.0,98700.0,98700.0,98700.0,0
2022-07-20,98650.0,98700.0,98500.0,98500.0,5
2022-07-21,98650.0,98650.0,98650.0,98650.0,0
2022-07-22,98700.0,98900.0,98600.0,98600.0,2
2022-07-25,98700.0,98700.0,98700.0,98700.0,0
2022-07-26,98800.0,98800.0,98700.0,98700.0,1
2022-07-27,98900.0,98900.0,98700.0,98700.0,22
2022-07-28,98900.0,98900.0,98700.0,98700.0,1
2022-07-29,98900.0,98900.0,98900.0,98900.0,0
2022-08-01,98850.0,98850.0,98700.0,98700.0,0
2022-08-02,98700.0,99000.0,98700.0,99000.0,1
2022-08-03,98700.0,98900.0,98700.0,98700.0,1
2022-08-04,98700.0,98700.0,98700.0,98700.0,0
2022-08-05,98800.0,98850.0,98800.0,98800.0,0
2022-08-08,98800.0,98800.0,98800.0,98800.0,0
2022-08-09,98800.0,98800.0,98800.0,98800.0,2
2022-08-10,99100.0,99100.0,99100.0,99100.0,0
2022-08-11,98900.0,98900.0,98900.0,98900.0,0
2022-08-12,98900.0,98900.0,98900.0,98900.0,0
2022-08-15,98900.0,98900.0,98900.0,98900.0,0
2022-08-16,99000.0,99000.0,98900.0,98900.0,162
2022-08-17,99000.0,99000.0,99000.0,99000.0,0
2022-08-18,98900.0,99040.0,98900.0,99040.0,2
2022-08-19,98900.0,98900.0,98900.0,98900.0,0
2022-08-22,99200.0,99200.0,99100.0,99100.0,1
2022-08-23,99200.0,99200.0,99200.0,99200.0,0
2022-08-24,99200.0,99200.0,99200.0,99200.0,0
2022-08-25,99100.0,99250.0,99100.0,99100.0,6
2022-08-26,99080.0,99080.0,99000.0,99000.0,0
2022-08-29,99080.0,99080.0,99080.0,99080.0,0
2022-08-30,99100.0,99100.0,99100.0,99100.0,0
2022-08-31,99200.0,99200.0,99100.0,99150.0,0
2022-09-01,99200.0,99250.0,99150.0,99250.0,11
2022-09-02,99100.0,99150.0,99100.0,99100.0,1
2022-09-06,99100.0,99100.0,99100.0,99100.0,0
2022-09-07,99100.0,99100.0,99100.0,99100.0,0
2022-09-08,99100.0,99100.0,99100.0,99100.0,0
2022-09-09,99100.0,99100.0,99100.0,99100.0,3
2022-09-12,99100.0,99100.0,99100.0,99100.0,0
2022-09-13,99100.0,99100.0,99100.0,99100.0,0
2022-09-14,99200.0,99200.0,99200.0,99200.0,0
2022-09-15,99200.0,99250.0,99200.0,99250.0,0
2022-09-16,99200.0,99200.0,99200.0,99200.0,0
2022-09-19,99200.0,99200.0,99200.0,99200.0,1
2022-09-20,99200.0,99200.0,99200.0,99200.0,0
2022-09-21,99200.0,99300.0,99150.0,99300.0,4
2022-09-22,99300.0,99300.0,99300.0,99300.0,0
2022-09-23,99300.0,99300.0,99300.0,99300.0,0
2022-09-26,99300.0,99500.0,99300.0,99500.0,0
2022-09-27,99350.0,99350.0,99350.0,99350.0,0
2022-09-28,99350.0,99350.0,99350.0,99350.0,0
2022-09-29,99350.0,99350.0,99350.0,99350.0,0
2022-09-30,99300.0,99400.0,99300.0,99400.0,19
2022-10-03,99400.0,99450.0,99300.0,99400.0,13
2022-10-04,99400.0,99500.0,99400.0,99400.0,34
2022-10-05,99500.0,99600.0,99500.0,99500.0,7
2022-10-06,99550.0,99550.0,99400.0,99500.0,9
2022-10-07,99600.0,99600.0,99600.0,99600.0,0
2022-10-10,99700.0,99700.0,99500.0,99500.0,1
2022-10-11,99600.0,99700.0,99600.0,99600.0,1
2022-10-12,99600.0,99650.0,99600.0,99650.0,1
2022-10-13,99650.0,99650.0,99600.0,99600.0,10
2022-10-14,99650.0,99650.0,99650.0,99650.0,0
2022-10-17,99700.0,99750.0,99700.0,99700.0,0
2022-10-18,99700.0,99700.0,99700.0,99700.0,0
2022-10-19,99800.0,99800.0,99700.0,99700.0,0
2022-10-20,99750.0,99750.0,99750.0,99750.0,0
2022-10-21,99700.0,99850.0,99700.0,99800.0,10
2022-10-24,99800.0,99800.0,99700.0,99750.0,22
2022-10-25,99900.0,99900.0,99850.0,99900.0,2
2022-10-26,99900.0,99900.0,99900.0,99900.0,0
2022-10-27,99900.0,99900.0,99900.0,99900.0,0
2022-10-28,99950.0,100000.0,99900.0,99950.0,1
2022-10-31,99900.0,99900.0,99900.0,99900.0,0
2022-11-01,99900.0,100000.0,99850.0,99900.0,24
2022-11-02,100000.0,100000.0,100000.0,100000.0,0
2022-11-03,100000.0,100000.0,100000.0,100000.0,0
2022-11-04,100000.0,100000.0,100000.0,100000.0,0
2022-11-07,100100.0,100100.0,100000.0,100000.0,0
2022-11-08,100100.0,100100.0,100100.0,100100.0,0
2022-11-09,100150.0,100150.0,100150.0,100150.0,0
2022-11-10,100100.0,100200.0,100100.0,100200.0,18
2022-11-11,100200.0,100200.0,100200.0,100200.0,0
2022-11-14,100180.0,100200.0,100100.0,100100.0,0
2022-11-15,100200.0,100200.0,100100.0,100200.0,15
2022-11-16,100200.0,100200.0,100200.0,100200.0,0
2022-11-17,100200.0,100200.0,100200.0,100200.0,0
2022-11-18,100200.0,100200.0,100200.0,100200.0,0
2022-11-21,100200.0,100200.0,100200.0,100200.0,0
2022-11-22,100300.0,100300.0,100300.0,100300.0,0
2022-11-23,100300.0,100300.0,100300.0,100300.0,0
2022-11-25,100400.0,100400.0,100400.0,100400.0,0
2022-11-28,100400.0,100400.0,100400.0,100400.0,0
2022-11-29,100400.0,100400.0,100400.0,100400.0,0
2022-11-30,100300.0,100350.0,100300.0,100350.0,1
2022-12-01,100300.0,100300.0,100300.0,100300.0,92
2022-12-02,100400.0,100400.0,100350.0,100400.0,2
2022-12-05,100450.0,100450.0,100450.0,100450.0,4
2022-12-06,100450.0,100500.0,100400.0,100400.0,2
2022-12-07,100400.0,100450.0,100400.0,100450.0,0
2022-12-08,100500.0,100500.0,100500.0,100500.0,22
2022-12-09,100550.0,100600.0,100500.0,100550.0,30
2022-12-12,100550.0,100550.0,100500.0,100530.0,0
2022-12-13,100700.0,100700.0,100500.0,100700.0,0
2022-12-14,100500.0,100550.0,100500.0,100500.0,5
2022-12-15,100500.0,100520.0,100500.0,100520.0,1
2022-12-16,100400.0,100500.0,100400.0,100500.0,1
2022-12-19,99500.0,100400.0,91900.0,100400.0,0
2022-12-20,100600.0,100650.0,100250.0,100500.0,52
2022-12-21,100700.0,101000.0,100700.0,100700.0,1
2022-12-22,100870.0,101000.0,100850.0,101000.0,40
2022-12-23,101000.0,101000.0,101000.0,101000.0,0
2022-12-27,101000.0,101100.0,100950.0,101000.0,3
2022-12-28,101150.0,101150.0,101150.0,101150.0,0
2022-12-29,101200.0,101300.0,101050.0,101050.0,1
2022-12-30,101200.0,101300.0,101200.0,101300.0,0
2023-01-03,101000.0,101000.0,101000.0,101000.0,0
2023-01-04,101200.0,101200.0,100800.0,101000.0,2
2023-01-05,100700.0,101200.0,100500.0,100500.0,1
2023-01-06,101250.0,101300.0,100820.0,100820.0,3
2023-01-09,101100.0,101120.0,100800.0,100800.0,1
2023-01-10,102200.0,102200.0,102200.0,102200.0,0
2023-01-11,102200.0,102200.0,102200.0,102200.0,0
2023-01-12,102200.0,102200.0,102200.0,102200.0,0
2023-01-13,100900.0,101000.0,100900.0,100900.0,0
2023-01-17,100900.0,100900.0,100900.0,100900.0,0
2023-01-18,100900.0,100900.0,100900.0,100900.0,0
2023-01-19,100900.0,100900.0,100900.0,100900.0,0
2023-01-20,100900.0,100900.0,100900.0,100900.0,0
2023-01-23,101100.0,101500.0,100900.0,100900.0,1
2023-01-24,101200.0,101200.0,100900.0,101000.0,0
2023-01-25,101500.0,101500.0,101100.0,101300.0,2
2023-01-26,101600.0,101600.0,101600.0,101600.0,0
2023-01-27,101800.0,101810.0,101600.0,101600.0,1
2023-01-30,101800.0,101800.0,101800.0,101800.0,0
2023-01-31,101800.0,101800.0,101700.0,101700.0,0
2023-02-01,102400.0,102400.0,102400.0,102400.0,0
2023-02-02,102100.0,102100.0,101900.0,101900.0,0
2023-02-03,102100.0,102100.0,102100.0,102100.0,0
2023-02-06,102000.0,102200.0,102000.0,102200.0,0
2023-02-07,102000.0,102000.0,102000.0,102000.0,0
2023-02-08,102500.0,102500.0,102500.0,102500.0,0
2023-02-09,102500.0,102500.0,102500.0,102500.0,0
2023-02-10,101600.0,101600.0,101600.0,101600.0,0
2023-02-13,101600.0,101600.0,101600.0,101600.0,0
2023-02-14,101600.0,101600.0,101600.0,101600.0,0
2023-02-15,101600.0,101600.0,101600.0,101600.0,0
2023-02-16,101600.0,101600.0,101600.0,101600.0,0
2023-02-17,101600.0,101600.0,101600.0,101600.0,0
2023-02-21,101650.0,101700.0,101600.0,101600.0,0
2023-02-22,102100.0,102100.0,102100.0,102100.0,0
2023-02-23,101600.0,101600.0,101600.0,101600.0,0
2023-02-24,101600.0,101600.0,101600.0,101600.0,0
2023-02-27,102050.0,102900.0,102050.0,102900.0,1
2023-02-28,102050.0,102050.0,102050.0,102050.0,0
2023-03-01,102000.0,102000.0,102000.0,102000.0,0
2023-03-02,103000.0,103000.0,103000.0,103000.0,0
2023-03-03,103000.0,103000.0,103000.0,103000.0,0
2023-03-06,103000.0,103000.0,103000.0,103000.0,0
2023-03-07,103000.0,103000.0,103000.0,103000.0,0
2023-03-08,102300.0,102300.0,102300.0,102300.0,0
2023-03-09,102700.0,102700.0,102500.0,102500.0,2
2023-03-10,102800.0,103060.0,102800.0,102900.0,1
2023-03-13,102990.0,102990.0,102990.0,102990.0,0
2023-03-14,103500.0,103500.0,103500.0,103500.0,0
2023-03-15,103300.0,103500.0,103300.0,103500.0,0
2023-03-16,103300.0,103300.0,103300.0,103300.0,0
2023-03-17,103300.0,103300.0,103300.0,103300.0,0
2023-03-20,103500.0,103500.0,103500.0,103500.0,0
2023-03-21,103500.0,103500.0,103500.0,103500.0,0
2023-03-22,103500.0,103500.0,103500.0,103500.0,0
2023-03-23,103500.0,103500.0,103500.0,103500.0,0
2023-03-24,103500.0,103500.0,103500.0,103500.0,0
2023-03-27,102400.0,102400.0,102400.0,102400.0,2
2023-03-28,102400.0,102400.0,102400.0,102400.0,0
2023-03-29,102800.0,102800.0,102800.0,102800.0,0
2023-03-30,102800.0,102800.0,102800.0,102800.0,0
2023-03-31,102800.0,102800.0,102800.0,102800.0,0
2023-04-03,102800.0,102800.0,102800.0,102800.0,0
2023-04-04,103450.0,103450.0,102700.0,102700.0,0
2023-04-05,103500.0,103500.0,103500.0,103500.0,0
2023-04-06,103500.0,103500.0,103500.0,103500.0,0
2023-04-10,103500.0,103500.0,103500.0,103500.0,0
2023-04-11,103450.0,103500.0,103450.0,103500.0,0
2023-04-12,103100.0,103400.0,103100.0,103400.0,1
2023-04-13,103100.0,103100.0,103100.0,103100.0,0
2023-04-14,103100.0,103100.0,103100.0,103100.0,0
2023-04-17,103100.0,103100.0,103100.0,103100.0,0
2023-04-18,103100.0,103100.0,103100.0,103100.0,0
2023-04-19,103300.0,103300.0,103300.0,103300.0,0
2023-04-20,104050.0,104100.0,104000.0,104000.0,2
2023-04-21,104050.0,104100.0,104050.0,104100.0,0
2023-04-24,104100.0,104100.0,104100.0,104100.0,0
2023-04-25,104100.0,104100.0,104100.0,104100.0,0
2023-04-26,104050.0,104300.0,104000.0,104300.0,0
2023-04-27,104000.0,104000.0,104000.0,104000.0,0
2023-04-28,104000.0,104000.0,104000.0,104000.0,0
2023-05-01,104000.0,104500.0,104000.0,104500.0,2
2023-05-02,104320.0,104320.0,104320.0,104320.0,0
2023-05-03,104320.0,104320.0,104320.0,104320.0,0
2023-05-04,104320.0,104320.0,104320.0,104320.0,0
2023-05-05,106900.0,106900.0,106900.0,106900.0,0
2023-05-08,105000.0,105000.0,104900.0,104900.0,0
2023-05-09,105000.0,105000.0,105000.0,105000.0,0
2023-05-10,103500.0,103500.0,103500.0,103500.0,0
2023-05-11,104200.0,104200.0,104200.0,104200.0,0
2023-05-12,104200.0,104200.0,104200.0,104200.0,0
2023-05-15,104200.0,104200.0,104200.0,104200.0,0
2023-05-16,105100.0,105100.0,105000.0,105000.0,1
2023-05-17,105300.0,105300.0,105100.0,105100.0,1
2023-05-18,105300.0,105300.0,105300.0,105300.0,0
2023-05-19,105300.0,105300.0,105300.0,105300.0,0
2023-05-22,105300.0,105300.0,105200.0,105300.0,0
2023-05-23,105100.0,105250.0,105100.0,105250.0,2
2023-05-24,105100.0,105100.0,105100.0,105100.0,0
2023-05-25,105100.0,105100.0,105100.0,105100.0,0
2023-05-26,105100.0,105100.0,105100.0,105100.0,0
2023-05-30,105100.0,105100.0,105100.0,105100.0,0
2023-05-31,104600.0,105100.0,104500.0,105100.0,65
2023-06-01,104500.0,104600.0,104250.0,104600.0,9
2023-06-02,104400.0,104400.0,104400.0,104400.0,3
2023-06-05,104500.0,104500.0,104500.0,104500.0,2
2023-06-06,104700.0,104700.0,104700.0,104700.0,0
2023-06-07,104700.0,104700.0,104700.0,104700.0,0
2023-06-08,104700.0,104700.0,104700.0,104700.0,0
2023-06-09,104700.0,104700.0,104700.0,104700.0,0
2023-06-12,104600.0,104700.0,104500.0,104500.0,1
2023-06-13,104500.0,104700.0,104500.0,104700.0,6
2023-06-14,102200.0,104500.0,93200.0,103310.0,1
2023-06-15,104200.0,104500.0,103400.0,104500.0,1
2023-06-16,104350.0,104600.0,104150.0,104300.0,5
2023-06-20,105000.0,105000.0,104400.0,104400.0,10
2023-06-21,105300.0,105300.0,105000.0,105000.0,1
2023-06-22,105500.0,111500.0,105100.0,105400.0,166
2023-06-23,105500.0,107000.0,105000.0,105000.0,50
2023-06-26,106500.0,112000.0,105400.0,108700.0,6
2023-06-27,105200.0,105700.0,105200.0,105700.0,87
2023-06-28,104000.0,104500.0,103250.0,103700.0,39
2023-06-29,103300.0,103500.0,103000.0,103260.0,2
2023-06-30,105200.0,105500.0,103500.0,104000.0,1
2023-07-03,105200.0,105500.0,105200.0,105500.0,1
2023-07-05,105000.0,105500.0,104600.0,105500.0,4
2023-07-06,104800.0,105000.0,104700.0,104700.0,2
2023-07-07,105000.0,105000.0,104900.0,104900.0,0
2023-07-10,104800.0,105340.0,104800.0,104800.0,2
2023-07-11,104900.0,105200.0,104500.0,104500.0,31
2023-07-12,104800.0,104800.0,104700.0,104700.0,35
2023-07-13,104900.0,105300.0,104800.0,105050.0,1
2023-07-14,104800.0,105400.0,104800.0,105400.0,0
2023-07-17,104800.0,104800.0,104800.0,104800.0,1
2023-07-18,104900.0,104900.0,104900.0,104900.0,0
2023-07-19,104800.0,105390.0,104800.0,105390.0,5
2023-07-20,104800.0,104800.0,104800.0,104800.0,0
2023-07-21,104800.0,104800.0,104800.0,104800.0,0
2023-07-24,104700.0,104800.0,104600.0,104800.0,5
2023-07-25,104700.0,104800.0,104700.0,104800.0,1
2023-07-26,104700.0,105000.0,104600.0,104800.0,2
2023-07-27,104500.0,104800.0,104500.0,104700.0,1
2023-07-28,104700.0,104800.0,104600.0,104700.0,0
2023-07-31,104700.0,104800.0,104700.0,104700.0,0
2023-08-01,104700.0,104700.0,104700.0,104700.0,0
2023-08-02,104800.0,104800.0,104700.0,104700.0,0
2023-08-03,104850.0,104850.0,104750.0,104750.0,11
2023-08-04,104900.0,104900.0,104700.0,104700.0,0
2023-08-07,105000.0,105000.0,104800.0,104800.0,1
2023-08-08,105000.0,105000.0,104900.0,104900.0,1
2023-08-09,105000.0,105000.0,105000.0,105000.0,0
2023-08-10,104900.0,105300.0,104900.0,105250.0,0
2023-08-11,104700.0,105000.0,104700.0,105000.0,0
2023-08-14,104900.0,104900.0,104900.0,104900.0,6
2023-08-15,104900.0,104900.0,104900.0,104900.0,0
2023-08-16,104900.0,104900.0,104900.0,104900.0,0
2023-08-17,104900.0,104900.0,104900.0,104900.0,0
2023-08-18,104900.0,104900.0,104900.0,104900.0,0
2023-08-21,105000.0,105000.0,104900.0,104900.0,0
2023-08-22,105000.0,105000.0,105000.0,105000.0,0
2023-08-23,105100.0,105100.0,105100.0,105100.0,5
2023-08-24,105100.0,105100.0,105100.0,105100.0,0
2023-08-25,105100.0,105300.0,105100.0,105100.0,0
2023-08-28,105000.0,105100.0,105000.0,105000.0,0
2023-08-29,105100.0,105200.0,105100.0,105200.0,1
2023-08-30,104900.0,105100.0,104900.0,105100.0,0
2023-08-31,104800.0,105100.0,104800.0,105100.0,0
2023-09-01,104900.0,105230.0,104900.0,105200.0,0
2023-09-05,104900.0,104900.0,104900.0,104900.0,0
2023-09-06,104900.0,104900.0,104900.0,104900.0,0
2023-09-07,105200.0,105300.0,105000.0,105000.0,1
2023-09-08,105200.0,105200.0,105200.0,105200.0,1
2023-09-11,105200.0,105200.0,105200.0,105200.0,0
2023-09-12,105300.0,105300.0,105300.0,105300.0,0
2023-09-13,105500.0,105500.0,105500.0,105500.0,1
2023-09-14,105500.0,105500.0,105500.0,105500.0,0
2023-09-15,105500.0,105500.0,105500.0,105500.0,0
2023-09-18,105700.0,105700.0,105700.0,105700.0,0
2023-09-19,105500.0,105500.0,105500.0,105500.0,0
2023-09-20,105700.0,105700.0,105700.0,105700.0,0
2023-09-21,105700.0,105700.0,105650.0,105700.0,1
2023-09-22,105800.0,105900.0,105610.0,105900.0,0
2023-09-25,105650.0,105700.0,105600.0,105700.0,4
2023-09-26,105600.0,105700.0,105600.0,105700.0,0
2023-09-27,105600.0,105600.0,105600.0,105600.0,0
2023-09-28,105700.0,105800.0,105700.0,105800.0,0
2023-09-29,105700.0,105800.0,105700.0,105800.0,1
2023-10-02,105700.0,106000.0,105700.0,106000.0,1
2023-10-03,105700.0,105700.0,105700.0,105700.0,0
2023-10-04,105800.0,105900.0,105800.0,105800.0,3
2023-10-05,106000.0,106000.0,105810.0,106000.0,0
2023-10-06,106000.0,106000.0,106000.0,106000.0,0
2023-10-09,105930.0,106000.0,105930.0,106000.0,0
2023-10-10,106000.0,106000.0,106000.0,106000.0,0
2023-10-11,105980.0,106000.0,105940.0,105940.0,0
2023-10-12,105980.0,105980.0,105980.0,105980.0,0
2023-10-13,105980.0,105980.0,105980.0,105980.0,0
2023-10-16,106000.0,106000.0,105800.0,105800.0,0
2023-10-17,105840.0,105840.0,105840.0,105840.0,0
2023-10-18,106000.0,106000.0,106000.0,106000.0,0
2023-10-19,106000.0,106000.0,106000.0,106000.0,0
2023-10-20,105900.0,105900.0,105900.0,105900.0,7
2023-10-23,105900.0,105900.0,105900.0,105900.0,0
2023-10-24,105900.0,106000.0,105900.0,106000.0,0
2023-10-25,106000.0,106000.0,106000.0,106000.0,5
2023-10-26,106000.0,106000.0,106000.0,106000.0,0
2023-10-27,106000.0,106000.0,106000.0,106000.0,0
2023-10-30,106000.0,106000.0,106000.0,106000.0,0
2023-10-31,105800.0,105900.0,105800.0,105800.0,1
2023-11-01,106000.0,106000.0,106000.0,106000.0,0
2023-11-02,106000.0,106000.0,106000.0,106000.0,6
2023-11-03,106000.0,106100.0,106000.0,106100.0,2
2023-11-06,106100.0,106100.0,105910.0,105910.0,0
2023-11-07,105900.0,105900.0,105900.0,105900.0,1
2023-11-08,105900.0,105900.0,105900.0,105900.0,0
2023-11-09,106100.0,106100.0,106100.0,106100.0,0
2023-11-10,106100.0,106100.0,106050.0,106100.0,1
2023-11-13,106100.0,106100.0,106100.0,106100.0,0
2023-11-14,106200.0,106200.0,106100.0,106100.0,10
2023-11-15,106400.0,106400.0,106300.0,106300.0,2
2023-11-16,106500.0,106500.0,106500.0,106500.0,3
2023-11-17,106500.0,106500.0,106500.0,106500.0,0
2023-11-20,106700.0,106700.0,106700.0,106700.0,0
2023-11-21,106600.0,106600.0,106600.0,106600.0,0
2023-11-22,106600.0,106600.0,106600.0,106600.0,0
2023-11-24,106800.0,106800.0,106800.0,106800.0,1
2023-11-27,106800.0,106800.0,106800.0,106800.0,0
2023-11-28,107100.0,107100.0,106700.0,106800.0,4
2023-11-29,106900.0,107100.0,106900.0,107100.0,0
2023-11-30,107090.0,107090.0,106800.0,106800.0,0
2023-12-01,106500.0,111350.0,102600.0,102600.0,0
2023-12-04,107600.0,111700.0,107500.0,110300.0,0
2023-12-05,107900.0,113890.0,104500.0,108000.0,1
2023-12-06,107900.0,107900.0,107900.0,107900.0,0
2023-12-07,95900.0,96900.0,90000.0,96900.0,0
2023-12-08,113900.0,116700.0,109000.0,109000.0,0
2023-12-11,109990.0,131990.0,109500.0,113900.0,0
2023-12-12,105000.0,110200.0,105000.0,110200.0,3
2023-12-13,108800.0,110100.0,97500.0,105000.0,5
2023-12-14,109600.0,165700.0,105000.0,119900.0,3
2023-12-15,64900.0,81400.0,59000.0,75000.0,8
2023-12-18,61300.0,72000.0,55600.0,70000.0,46
2023-12-19,46650.0,63200.0,45000.0,50000.0,12
2023-12-20,37800.0,44470.0,31900.0,41900.0,8
2023-12-21,36000.0,43500.0,32700.0,32700.0,31
2023-12-22,34700.0,38800.0,33500.0,36300.0,20
2023-12-26,26350.0,33500.0,23400.0,33500.0,24
2023-12-27,21700.0,27300.0,21100.0,27100.0,32
2023-12-28,21600.0,23400.0,20500.0,22000.0,21
2023-12-29,18800.0,22100.0,18500.0,20300.0,24
2024-01-02,16000.0,20000.0,15800.0,19500.0,13
2024-01-03,16500.0,22400.0,14600.0,16000.0,158
2024-01-04,16600.0,17600.0,14700.0,14700.0,30
2024-01-05,25700.0,35500.0,23300.0,30700.0,7210
2024-01-08,21200.0,22900.0,19300.0,22300.0,104
2024-01-09,19900.0,21300.0,18300.0,19700.0,41
2024-01-10,19600.0,20500.0,17600.0,20000.0,25
2024-01-11,22700.0,23900.0,18700.0,20000.0,85
2024-01-12,20400.0,23400.0,20300.0,22100.0,18
2024-01-16,19200.0,21400.0,18600.0,21400.0,16
2024-01-17,16500.0,18600.0,16200.0,18600.0,15
2024-01-18,17100.0,18400.0,15500.0,16300.0,69
2024-01-19,16100.0,18030.0,15800.0,17100.0,41
2024-01-22,16200.0,16900.0,16000.0,16900.0,12
2024-01-23,15700.0,16700.0,15500.0,15800.0,5
2024-01-24,15800.0,16300.0,15500.0,15900.0,7
2024-01-25,16100.0,16500.0,15600.0,16500.0,6
2024-01-26,15780.0,16400.0,15500.0,15900.0,5
2024-01-29,16000.0,16400.0,15660.0,16100.0,3
2024-01-30,16200.0,17110.0,15780.0,17000.0,6
2024-01-31,16000.0,16510.0,15700.0,15700.0,2
2024-02-01,15800.0,16700.0,15700.0,16100.0,11
2024-02-02,15600.0,16700.0,15500.0,16500.0,16
2024-02-05,15520.0,16100.0,15500.0,15500.0,4
2024-02-06,14600.0,16000.0,14340.0,15100.0,9
2024-02-07,14620.0,15000.0,14600.0,14600.0,2
2024-02-08,14500.0,16000.0,14400.0,15000.0,7
2024-02-09,14500.0,14910.0,14000.0,14700.0,6
2024-02-12,14700.0,15200.0,14100.0,15200.0,5
2024-02-13,14000.0,15100.0,13170.0,14300.0,7
2024-02-14,13400.0,14100.0,13300.0,14100.0,4
2024-02-15,13230.0,14230.0,13200.0,13300.0,3
2024-02-16,12700.0,13530.0,12700.0,13300.0,2
2024-02-20,9700.0,13300.0,9700.0,13300.0,19
2024-02-21,8300.0,9610.0,7600.0,9200.0,22
2024-02-22,9840.0,10300.0,8100.0,8700.0,59
2024-02-23,8000.0,9240.0,7650.0,8990.0,25
2024-02-26,7510.0,8000.0,7300.0,7500.0,116
2024-02-27,6880.0,7490.0,6720.0,7280.0,26
2024-02-28,7290.0,7400.0,6800.0,7020.0,16
2024-02-29,7210.0,7500.0,6800.0,7180.0,14
2024-03-01,7110.0,7720.0,7010.0,7720.0,9
2024-03-04,7000.0,7400.0,7000.0,7270.0,11
2024-03-05,8110.0,8500.0,7130.0,7240.0,44
2024-03-06,7890.0,9500.0,7600.0,8700.0,165
2024-03-07,7450.0,8300.0,7000.0,8100.0,78
2024-03-08,7410.0,8000.0,7210.0,7240.0,127
2024-03-11,6960.0,7500.0,6520.0,7400.0,125
2024-03-12,6900.0,8000.0,6800.0,7170.0,102
2024-03-13,6900.0,7600.0,6060.0,6700.0,101
2024-03-14,6990.0,7500.0,6560.0,6700.0,92
2024-03-15,6620.0,7200.0,6230.0,6800.0,70
2024-03-18,6240.0,6600.0,5900.0,6510.0,52
2024-03-19,6160.0,6250.0,5910.0,6180.0,61
2024-03-20,6580.0,6790.0,5970.0,6120.0,141
2024-03-21,6690.0,7500.0,6170.0,7410.0,109
2024-03-22,6300.0,6900.0,6130.0,6760.0,38
2024-03-25,5830.0,6030.0,5620.0,5970.0,59
2024-03-26,6200.0,6500.0,5680.0,5690.0,29
2024-03-27,6100.0,6400.0,5800.0,6150.0,11
2024-03-28,6110.0,6410.0,5920.0,6290.0,21
2024-04-01,5390.0,6110.0,5200.0,6110.0,75
2024-04-02,5050.0,5460.0,4590.0,5370.0,49
2024-04-03,4770.0,4950.0,4650.0,4900.0,15
2024-04-04,5090.0,5500.0,4770.0,4800.0,23
2024-04-05,5100.0,5200.0,4700.0,5200.0,10
2024-04-08,5100.0,5460.0,4900.0,5250.0,16
2024-04-09,5090.0,5290.0,5000.0,5290.0,9
2024-04-10,5000.0,5090.0,4810.0,5000.0,12
2024-04-11,4680.0,4900.0,4620.0,4850.0,9
2024-04-12,4370.0,4800.0,4210.0,4660.0,39
2024-04-15,3950.0,4400.0,3800.0,4400.0,16
2024-04-16,3770.0,4000.0,3600.0,3990.0,16
2024-04-17,3890.0,4000.0,3700.0,3900.0,13
2024-04-18,3700.0,4000.0,3640.0,3880.0,17
2024-04-19,3660.0,3990.0,3510.0,3650.0,9
2024-04-22,3650.0,3990.0,3600.0,3740.0,28
2024-04-23,3470.0,3500.0,3060.0,3420.0,99
2024-04-24,3300.0,3500.0,3130.0,3370.0,16
2024-04-25,3500.0,3600.0,3200.0,3200.0,19
2024-04-26,3570.0,3600.0,3300.0,3500.0,26
2024-04-29,3870.0,4100.0,3310.0,3580.0,33
2024-04-30,3980.0,3980.0,3550.0,3780.0,11
2024-05-01,3930.0,3950.0,3500.0,3720.0,21
2024-05-02,3690.0,3800.0,3600.0,3800.0,36
2024-05-03,3410.0,3860.0,3310.0,3860.0,23
2024-05-06,3210.0,3490.0,3150.0,3380.0,20
2024-05-07,3090.0,3300.0,3080.0,3120.0,7
2024-05-08,3010.0,3220.0,2900.0,3190.0,23
2024-05-09,3110.0,3290.0,3000.0,3170.0,9
2024-05-10,3360.0,3590.0,2850.0,3070.0,40
2024-05-13,3140.0,3590.0,3000.0,3300.0,49
2024-05-14,2930.0,3290.0,2920.0,3150.0,54
2024-05-15,3180.0,3250.0,2900.0,3050.0,31
2024-05-16,3160.0,3390.0,3110.0,3200.0,13
2024-05-17,3090.0,3340.0,3040.0,3340.0,25
2024-05-20,2990.0,3290.0,2950.0,3290.0,13
2024-05-21,2600.0,3130.0,2600.0,3030.0,52
2024-05-22,2300.0,2900.0,2300.0,2670.0,226
2024-05-23,1700.0,2220.0,1620.0,2220.0,683
2024-05-24,1920.0,2400.0,1650.0,1810.0,617
2024-05-28,1750.0,2200.0,1700.0,1930.0,1959
2024-05-29,2130.0,2390.0,1850.0,2070.0,7616
2024-05-30,1980.0,2150.0,1920.0,2130.0,969
2024-05-31,2060.0,2250.0,1910.0,2090.0,1426
2024-06-03,1900.0,2080.0,1880.0,2000.0,709
2024-06-04,2190.0,2290.0,1910.0,2180.0,2443
2024-06-05,1930.0,2040.0,1810.0,1970.0,766
2024-06-06,1720.0,1980.0,1660.0,1980.0,678
2024-06-07,1810.0,2050.0,1700.0,1700.0,1152
2024-06-10,1760.0,1800.0,1660.0,1760.0,197
2024-06-11,1910.0,1950.0,1800.0,1930.0,477
2024-06-12,1800.0,1900.0,1740.0,1900.0,254
2024-06-13,1840.0,1870.0,1660.0,1810.0,199
2024-06-14,1720.0,1850.0,1710.0,1780.0,76
2024-06-17,1680.0,1760.0,1680.0,1720.0,137
2024-06-18,1850.0,1900.0,1750.0,1800.0,827
2024-06-20,1790.0,1850.0,1710.0,1850.0,270
2024-06-21,1790.0,1790.0,1680.0,1770.0,101
2024-06-24,1720.0,1780.0,1670.0,1690.0,103
2024-06-25,1710.0,1790.0,1700.0,1700.0,70
2024-06-26,1740.0,1880.0,1660.0,1730.0,235
2024-06-27,1750.0,1790.0,1710.0,1760.0,123
2024-06-28,1700.0,1750.0,1650.0,1660.0,67
2024-07-01,1510.0,1720.0,1460.0,1700.0,189
2024-07-02,1530.0,1580.0,1460.0,1560.0,75
2024-07-03,1630.0,1660.0,1530.0,1530.0,58
2024-07-05,1590.0,1630.0,1540.0,1580.0,55
2024-07-08,1520.0,1600.0,1490.0,1560.0,106
2024-07-09,1480.0,1520.0,1460.0,1500.0,76
2024-07-10,1550.0,1600.0,1460.0,1480.0,102
2024-07-11,1540.0,1550.0,1500.0,1550.0,84
2024-07-12,1650.0,1680.0,1510.0,1530.0,163
2024-07-15,1630.0,1700.0,1560.0,1650.0,68
2024-07-16,1630.0,1660.0,1560.0,1630.0,91
2024-07-17,1600.0,1650.0,1560.0,1630.0,48
2024-07-18,1540.0,1630.0,1510.0,1590.0,77
2024-07-19,1410.0,1550.0,1410.0,1530.0,71
2024-07-22,1440.0,1510.0,1410.0,1470.0,71
2024-07-23,1540.0,1600.0,1450.0,1500.0,359
2024-07-24,1520.0,1550.0,1480.0,1480.0,98
2024-07-25,1640.0,1720.0,1570.0,1620.0,242
2024-07-26,1670.0,1780.0,1580.0,1590.0,210
2024-07-29,1570.0,1680.0,1550.0,1620.0,52
2024-07-30,1440.0,1580.0,1440.0,1560.0,107
2024-07-31,1280.0,1410.0,1160.0,1410.0,246
2024-08-01,1270.0,1350.0,1230.0,1290.0,54
2024-08-02,1100.0,1270.0,1070.0,1260.0,151
2024-08-05,980.0,1070.0,880.0,1070.0,129
2024-08-06,1130.0,1420.0,1050.0,1050.0,895
2024-08-07,1190.0,1260.0,1020.0,1100.0,487
2024-08-08,1300.0,1340.0,1200.0,1200.0,394
2024-08-09,1230.0,1320.0,1150.0,1300.0,115
2024-08-12,1130.0,1190.0,1110.0,1190.0,89
2024-08-13,1210.0,1320.0,1030.0,1030.0,129
2024-08-14,1180.0,1210.0,1110.0,1200.0,48
2024-08-15,1160.0,1210.0,1130.0,1150.0,63
2024-08-16,1120.0,1190.0,1100.0,1150.0,48
2024-08-19,1150.0,1220.0,1110.0,1220.0,50
2024-08-20,1170.0,1240.0,1140.0,1160.0,76
2024-08-21,1230.0,1290.0,1140.0,1200.0,136
2024-08-22,1310.0,1440.0,1210.0,1250.0,304
2024-08-23,1210.0,1370.0,1190.0,1300.0,105
2024-08-26,1200.0,1280.0,1190.0,1260.0,58
2024-08-27,1100.0,1260.0,1010.0,1200.0,161
2024-08-28,950.0,1280.0,920.0,1270.0,3049
2024-08-29,890.0,980.0,850.0,980.0,209
2024-08-30,850.0,900.0,820.0,890.0,108
2024-09-03,860.0,900.0,820.0,900.0,130
2024-09-04,860.0,880.0,850.0,860.0,94
2024-09-05,840.0,850.0,830.0,830.0,35
2024-09-06,800.0,840.0,800.0,840.0,81
2024-09-09,790.0,840.0,750.0,840.0,62
2024-09-10,840.0,890.0,770.0,790.0,82
2024-09-11,820.0,880.0,750.0,880.0,58
2024-09-12,780.0,820.0,760.0,820.0,60
2024-09-13,800.0,820.0,770.0,770.0,82
2024-09-16,730.0,840.0,720.0,840.0,62
2024-09-17,750.0,800.0,650.0,740.0,384
2024-09-18,700.0,900.0,670.0,750.0,857
2024-09-19,576.0,644.0,484.0,604.0,3043
2024-09-20,1138.0,1500.0,942.0,1020.0,306929
2024-09-23,840.0,1054.0,802.0,988.0,7711
2024-09-24,1648.0,2240.0,1230.0,1342.0,311864
2024-09-25,1200.0,1300.0,1006.0,1068.0,14076
2024-09-26,1216.0,1280.0,1106.0,1162.0,4713
2024-09-27,1146.0,1353.5999755859375,1100.0,1230.0,3539
2024-09-30,994.0,1120.0,980.2000122070312,1120.0,1286
2024-10-01,936.0,968.0,870.0,936.0,1705
2024-10-02,956.0,1008.0,870.0,1008.0,4861
2024-10-03,834.0,963.0,828.0,963.0,1158
2024-10-04,712.0,830.0,678.0,810.0,1472
2024-10-07,612.0,702.7999877929688,598.0,688.0,812
2024-10-08,552.0,620.0,534.0,596.0,1041
2024-10-09,1004.0,1378.0,848.0,1200.0,185499
2024-10-10,1018.0,1038.0,910.0,994.0,6434
2024-10-11,886.0,1010.0,844.0,940.0,1929
2024-10-14,740.0,868.0,712.0,850.0,1762
2024-10-15,732.0,1038.0,682.2000122070312,1038.0,57668
2024-10-16,670.0,740.0,668.0,734.0,3432
2024-10-17,670.0,730.0,642.0,708.0,5542
2024-10-18,662.0,690.0,644.0,660.0,997
2024-10-21,652.0,680.0,638.0,666.0,1088
2024-10-22,604.0,760.0,578.0,614.0,5188
2024-10-23,586.0,606.0,570.0,606.0,1372
2024-10-24,576.0,592.0,559.0,574.0,947
2024-10-25,576.0,598.0,556.0,574.0,731
2024-10-28,548.0,578.0,530.0,562.0,1095
2024-10-29,496.0,536.0,490.0,536.0,1263
2024-10-30,516.0,528.0,490.0,490.0,936
2024-10-31,488.0,508.0,456.0,506.0,984
2024-11-01,488.0,498.6000061035156,462.0,476.0,378
2024-11-04,450.0,500.0,446.0,484.0,657
2024-11-05,428.0,460.0,420.0,450.0,723
2024-11-06,386.0,436.0,382.0,430.0,859
2024-11-07,408.0,500.0,332.0,480.0,88950
2024-11-08,412.0,426.0,376.0,376.0,3463
2024-11-11,406.0,411.0,379.3999938964844,404.0,1574
2024-11-12,388.0,396.0,380.0,396.0,967
2024-11-13,350.0,383.79998779296875,344.0,380.0,1385
2024-11-14,388.0,388.0,336.0,336.0,1301
2024-11-15,346.0,360.0,340.0,360.0,1060
2024-11-18,314.0,328.0,312.0,318.0,801
2024-11-19,340.0,364.0,314.0,314.0,1746
2024-11-20,308.0,339.79998779296875,298.0,322.0,1302
2024-11-21,310.0,312.0,292.0,306.0,880
2024-11-22,309.0,316.0,290.0,302.0,895
2024-11-25,308.0,319.0,300.0,310.0,369
2024-11-26,260.0,314.0,259.0,302.0,2165
2024-11-27,294.0,298.0,262.0,262.0,1817
2024-11-29,304.0,316.0,290.0,290.0,572
2024-12-02,294.0,318.0,284.20001220703125,314.0,841
2024-12-03,286.0,300.0,278.0,292.0,789
2024-12-04,288.0,294.0,261.79998779296875,286.0,2931
2024-12-05,282.0,286.0,272.0,276.0,526
2024-12-06,274.0,280.0,270.0,272.0,559
2024-12-09,278.0,284.0,272.0,282.0,288
2024-12-10,410.0,532.0,334.0,422.0,272300
2024-12-11,362.0,394.0,320.0,394.0,6731
2024-12-12,316.0,362.0,316.0,342.0,3127
2024-12-13,294.0,309.0,278.0,300.0,1919
2024-12-16,286.0,293.0,284.0,290.0,783
2024-12-17,274.0,286.0,268.0,286.0,1201
2024-12-18,328.0,362.0,284.0,290.0,8176
2024-12-19,324.0,350.0,302.0,328.0,4567
2024-12-20,342.0,370.0,326.0,328.0,20501
2024-12-23,330.0,360.0,315.0,358.0,4103
2024-12-24,328.0,329.0,310.0,322.0,908
2024-12-26,358.0,360.0,336.0,338.0,2742
2024-12-27,346.0,368.0,320.0,368.0,1953
2024-12-30,336.0,348.0,322.0,340.0,1387
2024-12-31,306.0,342.0,303.0,338.0,1848
2025-01-02,310.0,314.0,292.0,310.0,1638
2025-01-03,318.0,321.0,298.0,320.0,2280
2025-01-06,346.0,352.0,316.0,316.0,3959
2025-01-07,316.0,364.0,304.0,350.0,3055
2025-01-08,308.0,338.0,300.0,334.0,5636
2025-01-10,308.0,317.0,276.3999938964844,306.0,2504
2025-01-13,290.0,302.0,280.0,298.0,1122
2025-01-14,274.0,288.0,270.0,286.0,1452
2025-01-15,270.0,280.0,258.0,274.0,1387
2025-01-16,262.0,272.0,242.0,270.0,1321
2025-01-17,292.0,305.0,262.0,264.0,4613
2025-01-21,294.0,300.0,280.0,288.0,1308
2025-01-22,330.0,346.20001220703125,296.0,300.0,4681
2025-01-23,322.0,334.0,302.0,314.0,12490
2025-01-24,290.0,318.0,286.0,318.0,3724
2025-01-27,276.0,328.0,270.0,320.0,20983
2025-01-28,250.0,278.0,248.0,274.0,3716
2025-01-29,386.0,408.0,280.0,296.0,151341
2025-01-30,448.0,540.0,404.0,472.0,205852
2025-01-31,370.0,434.0,349.79998779296875,418.0,12445
2025-02-03,350.0,356.0,314.0,356.0,5139
2025-02-04,332.0,362.0,310.0,350.0,6427
2025-02-05,346.0,351.0,320.0,332.0,4994
2025-02-06,330.0,350.0,320.0,350.0,3300
2025-02-07,302.0,330.0,296.0,330.0,3760
2025-02-10,330.0,332.0,304.0,306.0,2616
2025-02-11,332.0,356.0,320.0,346.0,4142
2025-02-12,312.0,338.0,302.0,334.0,3736
2025-02-13,326.0,347.0,304.0,323.0,9725
2025-02-14,328.0,340.0,314.0,328.0,5523
2025-02-18,306.0,342.0,296.0,332.0,3699
2025-02-19,292.0,308.0,290.0,308.0,3415
2025-02-20,294.0,299.79998779296875,284.0,290.0,1624
2025-02-21,306.0,310.0,294.0,298.0,2905
2025-02-24,326.0,338.0,312.0,320.0,6462
2025-02-25,294.0,330.0,285.0,320.0,5724
2025-02-26,286.0,308.0,282.0,302.0,7060
2025-02-27,254.0,288.0,240.0,284.0,6526
2025-02-28,288.0,290.0,240.0,246.0,4207
2025-03-03,252.0,284.0,250.0,284.0,1988
2025-03-04,262.0,268.0,248.0,252.0,3597
2025-03-05,258.0,260.0,245.0,258.0,3116
2025-03-06,230.0,258.0,230.0,254.0,3718
2025-03-07,234.0,238.0,228.0,238.0,1207
2025-03-10,206.0,236.0,204.0,234.0,2339
2025-03-11,181.0,204.0,147.0,204.0,3844
2025-03-12,187.8000030517578,197.0,152.0,186.0,8553
2025-03-13,172.60000610351562,187.60000610351562,160.0,182.0,1595
2025-03-14,224.0,230.0,174.0,179.8000030517578,7022
2025-03-17,218.0,228.0,200.0,224.0,2143
2025-03-18,252.0,300.0,222.8000030517578,225.0,26690
2025-03-19,238.0,264.0,230.0,258.0,3672
2025-03-20,214.0,232.0,210.0,230.0,2437
2025-03-21,196.0,212.0,196.0,212.0,3788
2025-03-24,218.0,218.0,201.0,206.0,3789
2025-03-25,206.0,220.0,200.0,220.0,2471
2025-03-26,260.0,302.0,220.60000610351562,226.0,46031
2025-03-27,242.0,285.0,236.0,254.0,11792
2025-03-28,236.0,250.0,222.0,240.0,3790
2025-03-31,224.0,231.8000030517578,215.39999389648438,226.0,1970
2025-04-01,222.0,234.0,216.0,222.0,4405
2025-04-02,214.0,222.0,204.0,220.0,2512
2025-04-03,202.0,208.0,200.0,200.0,1878
2025-04-04,202.0,206.0,180.0,196.0,2418
2025-04-07,202.0,214.0,194.0,202.0,3341
2025-04-08,198.0,207.0,192.0,199.8000030517578,1755
2025-04-09,206.0,212.0,192.0,198.60000610351562,1983
2025-04-10,204.0,212.0,196.1999969482422,210.0,1903
2025-04-11,206.0,208.0,196.1999969482422,206.0,2142
2025-04-14,210.0,236.0,204.0,206.0,2388
2025-04-15,244.0,244.0,206.0,206.0,9384
2025-04-16,212.0,250.0,202.0,244.0,6967
2025-04-17,211.1999969482422,214.0,202.0,206.0,4895
2025-04-21,199.0,212.0,184.0,212.0,3073
2025-04-22,204.0,210.0,196.0,208.0,2287
2025-04-23,200.0,208.0,195.0,208.0,3132
2025-04-24,206.0,213.39999389648438,201.1999969482422,202.0,4340
2025-04-25,200.0,206.39999389648438,196.1999969482422,206.0,2060
2025-04-28,216.0,226.0,200.0,202.0,11472
2025-04-29,218.0,223.0,210.0,216.0,4268
2025-04-30,212.0,215.60000610351562,207.60000610351562,208.0,1596
2025-05-01,210.0,214.0,206.0,212.0,2556
2025-05-02,212.0,214.0,206.0,207.0,3209
2025-05-05,216.0,219.8000030517578,210.0,212.0,4783
2025-05-06,212.0,218.0,207.0,210.0,3248
2025-05-07,197.8000030517578,232.0,196.0,212.0,10278
2025-05-08,204.0,205.39999389648438,198.0,200.0,2492
2025-05-09,199.60000610351562,209.39999389648438,198.0,204.0,1752
2025-05-12,204.0,206.0,196.0,202.0,4192
2025-05-13,199.8000030517578,206.0,199.0,200.0,2358
2025-05-14,202.0,213.39999389648438,199.1999969482422,199.1999969482422,2971
2025-05-15,196.0,204.0,194.0,199.39999389648438,3682
2025-05-16,174.60000610351562,194.0,164.60000610351562,194.0,9530
2025-05-19,176.0,184.39999389648438,172.0,174.0,3241
2025-05-20,192.0,192.8000030517578,166.0,179.0,4024
2025-05-21,212.0,216.0,193.0,195.60000610351562,7792
2025-05-22,210.0,224.0,206.0,212.0,4658
2025-05-23,216.0,218.0,203.0,206.0,1995
2025-05-27,208.0,216.0,204.0,216.0,1811
2025-05-28,199.60000610351562,212.0,198.0,206.0,1789
2025-05-29,198.0,202.0,194.8000030517578,198.8000030517578,1633
2025-05-30,195.1999969482422,202.0,194.8000030517578,198.0,1173
2025-06-02,192.60000610351562,196.0,183.0,193.60000610351562,1779
2025-06-03,191.1999969482422,195.8000030517578,190.0,195.0,966
2025-06-04,196.60000610351562,197.8000030517578,189.0,190.0,1191
2025-06-05,192.8000030517578,204.0,190.60000610351562,196.39999389648438,964
2025-06-06,177.0,188.0,172.39999389648438,184.0,3748
2025-06-09,173.8000030517578,185.8000030517578,172.60000610351562,180.0,4001
2025-06-10,179.60000610351562,194.0,174.8000030517578,189.39999389648438,13983
2025-06-11,172.60000610351562,184.8000030517578,168.0,183.39999389648438,7893
2025-06-12,135.1999969482422,169.0,125.0,169.0,15456
2025-06-13,116.4000015258789,132.0,114.0,130.0,6745
2025-06-16,122.19999694824219,208.0,117.19999694824219,126.4000015258789,266365
2025-06-17,130.0,138.8000030517578,122.80000305175781,125.4000015258789,18894
2025-06-18,130.0,136.8000030517578,128.0,134.0,6543
2025-06-20,138.1999969482422,148.0,134.0,135.0,8766
2025-06-23,136.60000610351562,147.60000610351562,130.8000030517578,136.0,10170
2025-06-24,123.5999984741211,142.0,123.5999984741211,136.0,8770
2025-06-25,118.4000015258789,128.39999389648438,116.0,127.0,7907
2025-06-26,117.4000015258789,118.80000305175781,114.0,116.80000305175781,4003
2025-06-27,114.0,120.0,113.0,116.80000305175781,6364
2025-06-30,117.80000305175781,122.0,108.0,114.0,5547
2025-07-01,130.0,130.0,117.80000305175781,120.0,6675
2025-07-02,129.0,138.0,124.19999694824219,134.0,7600
2025-07-03,122.80000305175781,130.0,116.0,123.0,4785
2025-07-07,116.0,118.0,110.0,118.0,8881
2025-07-08,92.80000305175781,116.80000305175781,82.19999694824219,107.4000015258789,28720
2025-07-09,88.4000015258789,99.80000305175781,85.5999984741211,95.5,22160
2025-07-10,81.4000015258789,88.69999694824219,78.5999984741211,87.80000305175781,19840
2025-07-11,83.5999984741211,85.5999984741211,80.5999984741211,81.4000015258789,18960
2025-07-14,77.4000015258789,84.0,76.0,82.5999984741211,16550
2025-07-15,75.0,79.0,72.0,77.0,10480
2025-07-16,72.19999694824219,76.4000015258789,70.19999694824219,74.4000015258789,14860
2025-07-17,77.4000015258789,79.19999694824219,71.30000305175781,74.5999984741211,23350
2025-07-18,77.5999984741211,80.4000015258789,75.0,77.4000015258789,11740
2025-07-21,81.0,81.5999984741211,76.04000091552734,78.80000305175781,10625
2025-07-22,75.80000305175781,81.4000015258789,75.80000305175781,81.4000015258789,11270
2025-07-23,82.0,88.69999694824219,78.80000305175781,81.0,40065
2025-07-24,78.5999984741211,80.95999908447266,77.0,80.80000305175781,10320
2025-07-25,77.4000015258789,81.0,76.19999694824219,80.80000305175781,12545
2025-07-28,64.19999694824219,77.19999694824219,63.599998474121094,77.19999694824219,26035
2025-07-29,59.79999923706055,64.77999877929688,53.0,64.19999694824219,20970
2025-07-30,62.20000076293945,65.0,60.0,60.0,7820
2025-07-31,57.79999923706055,62.79999923706055,57.0,62.79999923706055,10110
2025-08-01,72.0,72.4000015258789,59.20000076293945,59.400001525878906,31315
2025-08-04,75.80000305175781,86.0,72.5999984741211,76.80000305175781,32405
2025-08-05,64.0,76.4000015258789,63.0,73.0,17085
2025-08-06,64.80000305175781,66.36000061035156,63.20000076293945,63.400001525878906,5600
2025-08-07,61.20000076293945,67.0,60.599998474121094,67.0,9155
2025-08-08,81.80000305175781,85.5999984741211,63.400001525878906,63.79999923706055,57870
2025-08-11,72.80000305175781,84.5999984741211,70.4000015258789,81.80000305175781,25790
2025-08-12,81.0,84.0,70.4000015258789,75.0,26405
2025-08-13,78.0,84.0,76.0,84.0,15655
2025-08-14,80.0,84.5999984741211,77.0,77.0,19250
2025-08-15,73.80000305175781,82.0,72.0,80.4000015258789,14245
2025-08-18,66.0,75.0,64.0,74.80000305175781,22605
2025-08-19,60.79999923706055,66.62000274658203,59.900001525878906,66.19999694824219,14065
2025-08-20,58.79999923706055,62.0,56.20000076293945,62.0,15245
2025-08-21,60.20000076293945,60.20000076293945,56.599998474121094,56.599998474121094,6045
2025-08-22,61.79999923706055,64.80000305175781,59.79999923706055,60.099998474121094,10375
2025-08-25,66.4000015258789,68.19999694824219,61.220001220703125,62.0,16110
2025-08-26,66.4000015258789,70.0199966430664,65.5999984741211,67.19999694824219,14540
2025-08-27,64.5999984741211,67.0,63.599998474121094,67.0,5575
2025-08-28,66.0,66.0,61.20000076293945,62.0,4305
2025-08-29,66.4000015258789,68.55999755859375,63.86000061035156,68.4000015258789,8865
2025-09-02,60.20000076293945,67.80000305175781,59.70000076293945,65.19999694824219,12215
2025-09-03,58.599998474121094,64.0,58.08000183105469,60.599998474121094,7205
2025-09-04,56.20000076293945,59.79999923706055,55.0,58.79999923706055,8490
2025-09-05,49.20000076293945,52.20000076293945,47.0,50.0,97880
2025-09-08,49.400001525878906,51.599998474121094,48.400001525878906,50.599998474121094,12240
2025-09-09,48.79999923706055,52.0,48.0,50.0,22315
2025-09-10,52.0,53.68000030517578,48.79999923706055,49.599998474121094,26835
2025-09-11,52.20000076293945,53.0,50.20000076293945,52.20000076293945,10870
2025-09-12,47.400001525878906,52.79999923706055,46.79999923706055,52.79999923706055,17425
2025-09-15,43.0,47.41999816894531,42.70000076293945,47.400001525878906,21490
2025-09-16,42.400001525878906,43.599998474121094,41.65999984741211,42.79999923706055,7200
2025-09-17,42.599998474121094,45.0,42.0,42.20000076293945,8400
2025-09-18,49.400001525878906,50.0,45.599998474121094,47.0,39580
2025-09-19,46.79999923706055,51.599998474121094,46.439998626708984,50.599998474121094,19235
2025-09-22,50.20000076293945,50.20000076293945,44.79999923706055,46.79999923706055,12780
2025-09-23,50.400001525878906,51.79999923706055,48.20000076293945,49.599998474121094,12645
2025-09-24,55.400001525878906,57.0,51.599998474121094,51.599998474121094,44390
2025-09-25,60.400001525878906,61.0,56.400001525878906,57.0,44710
2025-09-26,55.400001525878906,60.79999923706055,54.20000076293945,60.79999923706055,23500
2025-09-29,53.599998474121094,59.20000076293945,51.0,53.79999923706055,18400
2025-09-30,58.79999923706055,59.79999923706055,53.599998474121094,53.599998474121094,17650
2025-10-01,58.20000076293945,60.0,55.79999923706055,59.0,13010
2025-10-02,57.79999923706055,58.79999923706055,56.20000076293945,56.400001525878906,12100
2025-10-03,61.0,61.79999923706055,56.599998474121094,56.599998474121094,25685
2025-10-06,64.0,66.9800033569336,61.400001525878906,61.599998474121094,24630
2025-10-07,64.80000305175781,69.0,63.79999923706055,66.5999984741211,19570
2025-10-08,75.80000305175781,79.5999984741211,64.19999694824219,64.19999694824219,62790
2025-10-09,74.0,78.5999984741211,73.4000015258789,76.80000305175781,23535
2025-10-10,66.80000305175781,77.80000305175781,64.0,76.19999694824219,28080
2025-10-13,59.20000076293945,67.80000305175781,58.0,67.4000015258789,37065
2025-10-14,63.599998474121094,67.68000030517578,61.0,61.20000076293945,33045
2025-10-15,61.599998474121094,65.9800033569336,58.900001525878906,65.0,23530
2025-10-16,55.0,61.400001525878906,54.5,61.0,22790
2025-10-17,58.20000076293945,59.0,54.81999969482422,56.0,11650
2025-10-20,59.400001525878906,59.79999923706055,56.599998474121094,58.20000076293945,12610
2025-10-21,54.599998474121094,63.0,53.400001525878906,61.0,34125
2025-10-22,49.400001525878906,54.599998474121094,48.0,53.0,27780
2025-10-23,48.400001525878906,50.20000076293945,48.0,49.20000076293945,11190
2025-10-24,45.400001525878906,48.400001525878906,45.0,48.400001525878906,18915
2025-10-27,44.79999923706055,46.599998474121094,43.79999923706055,45.79999923706055,21845
2025-10-28,42.79999923706055,44.599998474121094,42.599998474121094,44.400001525878906,15785
2025-10-29,42.0,43.20000076293945,41.20000076293945,42.79999923706055,16040
2025-10-30,43.0,43.20000076293945,41.0,41.79999923706055,16990
2025-10-31,44.400001525878906,46.599998474121094,43.20000076293945,43.20000076293945,12900
2025-11-03,36.400001525878906,46.0,36.0,43.79999923706055,40030
2025-11-04,35.599998474121094,37.0,30.799999237060547,35.0,18215
2025-11-05,38.79999923706055,39.5,35.79999923706055,35.79999923706055,11430
2025-11-06,36.0,39.599998474121094,35.70000076293945,37.900001525878906,12810
2025-11-07,35.20000076293945,35.20000076293945,32.20000076293945,35.0,9650
2025-11-10,34.400001525878906,45.400001525878906,34.20000076293945,39.79999923706055,87730
2025-11-11,30.600000381469727,32.599998474121094,30.0,32.599998474121094,16985
2025-11-12,30.200000762939453,32.20000076293945,29.600000381469727,30.799999237060547,8400
2025-11-13,28.0,30.399999618530273,27.200000762939453,30.200000762939453,20940
2025-11-14,29.200000762939453,30.799999237060547,27.200000762939453,27.600000381469727,70310
2025-11-17,25.799999237060547,28.600000381469727,25.5,27.600000381469727,22625
2025-11-18,26.600000381469727,27.3799991607666,25.399999618530273,25.399999618530273,11695
2025-11-19,24.200000762939453,27.200000762939453,23.799999237060547,27.0,21715
2025-11-20,27.200000762939453,32.20000076293945,23.799999237060547,26.920000076293945,70290
2025-11-21,25.399999618530273,29.200000762939453,23.799999237060547,29.0,35375
2025-11-24,23.799999237060547,25.18000030517578,21.799999237060547,25.0,28040
2025-11-25,23.600000381469727,24.399999618530273,23.200000762939453,23.399999618530273,14330
2025-11-26,26.799999237060547,27.600000381469727,23.399999618530273,23.399999618530273,35680
2025-11-28,27.799999237060547,28.600000381469727,26.600000381469727,26.799999237060547,11775
2025-12-01,26.0,28.0,25.799999237060547,28.0,11500
2025-12-02,26.0,26.600000381469727,24.799999237060547,25.200000762939453,14140
2025-12-03,27.399999618530273,27.600000381469727,25.0,26.0,16625
2025-12-04,26.399999618530273,28.0,25.399999618530273,26.600000381469727,18625
2025-12-05,24.200000762939453,26.399999618530273,24.200000762939453,26.399999618530273,9715
2025-12-08,24.200000762939453,24.200000762939453,22.799999237060547,24.200000762939453,15500
2025-12-09,25.399999618530273,25.600000381469727,23.799999237060547,24.399999618530273,13720
2025-12-10,26.600000381469727,27.18000030517578,25.399999618530273,25.399999618530273,26145
2025-12-11,24.600000381469727,27.299999237060547,24.399999618530273,26.600000381469727,27615
2025-12-12,22.600000381469727,24.600000381469727,22.100000381469727,24.600000381469727,26625
2025-12-15,24.399999618530273,25.0,23.0,23.0,33725
2025-12-16,22.100000381469727,25.18000030517578,21.799999237060547,25.0,28680
2025-12-17,22.799999237060547,23.399999618530273,22.399999618530273,22.600000381469727,15775
2025-12-18,21.399999618530273,23.399999618530273,20.399999618530273,23.100000381469727,27640
2025-12-19,21.600000381469727,21.799999237060547,21.0,21.0,23970
2025-12-22,19.799999237060547,21.799999237060547,19.600000381469727,21.799999237060547,26275
2025-12-23,21.200000762939453,21.200000762939453,18.799999237060547,19.700000762939453,19740
2025-12-24,21.0,21.600000381469727,20.5,21.0,10870
2025-12-26,20.200000762939453,20.799999237060547,19.780000686645508,20.399999618530273,19730
2025-12-29,20.399999618530273,20.520000457763672,19.420000076293945,20.399999618530273,18510
2025-12-30,20.200000762939453,20.200000762939453,18.31999969482422,20.200000762939453,22020
2025-12-31,19.31999969482422,20.0,19.0,19.200000762939453,15745
2026-01-02,24.200000762939453,24.799999237060547,19.600000381469727,19.81999969482422,46805
2026-01-05,31.399999618530273,32.70000076293945,23.899999618530273,24.399999618530273,100545
2026-01-06,32.0,39.20000076293945,29.399999618530273,33.599998474121094,178990
2026-01-07,36.0,37.0,32.599998474121094,34.20000076293945,107445
2026-01-08,31.200000762939453,37.0,29.600000381469727,36.599998474121094,72115
2026-01-09,25.200000762939453,30.200000762939453,24.420000076293945,30.0,59920
2026-01-12,28.799999237060547,30.0,26.0,26.0,50075
2026-01-13,30.200000762939453,32.400001525878906,28.399999618530273,29.0,78960
2026-01-14,28.0,30.600000381469727,27.0,30.600000381469727,39420
2026-01-15,30.200000762939453,31.200000762939453,28.0,29.0,39860
2026-01-16,28.399999618530273,30.200000762939453,27.100000381469727,30.0,38440
2026-01-20,24.399999618530273,27.399999618530273,24.200000762939453,27.200000762939453,35515
2026-01-21,26.200000762939453,27.600000381469727,25.700000762939453,26.799999237060547,49640
2026-01-22,24.200000762939453,26.200000762939453,23.200000762939453,26.200000762939453,37515
2026-01-23,24.299999237060547,25.600000381469727,24.0,24.399999618530273,31105
2026-01-26,22.200000762939453,24.200000762939453,21.600000381469727,24.0,47355
2026-01-27,25.700000762939453,27.0,24.0,24.399999618530273,190225
2026-01-28,25.399999618530273,26.799999237060547,23.0,25.399999618530273,108795
2026-01-29,24.799999237060547,26.100000381469727,23.600000381469727,26.0,30370
2026-01-30,24.399999618530273,24.600000381469727,22.799999237060547,24.399999618530273,43315
2026-02-02,23.100000381469727,24.799999237060547,21.799999237060547,23.0,62880
2026-02-03,23.5,24.799999237060547,23.0,23.600000381469727,21305
2026-02-04,22.399999618530273,23.600000381469727,20.799999237060547,23.600000381469727,52025
2026-02-05,22.399999618530273,23.0,22.399999618530273,23.0,40725
2026-02-06,23.799999237060547,24.200000762939453,20.0,23.0,75195
2026-02-09,27.600000381469727,28.0,23.799999237060547,23.799999237060547,100760
2026-02-10,24.799999237060547,27.799999237060547,23.600000381469727,27.799999237060547,39345
2026-02-11,25.200000762939453,25.600000381469727,23.799999237060547,24.600000381469727,21440
2026-02-12,25.799999237060547,27.5,24.399999618530273,25.799999237060547,39250
2026-02-13,26.0,26.399999618530273,24.600000381469727,25.200000762939453,28640
2026-02-17,24.0,26.799999237060547,23.399999618530273,26.200000762939453,40865
2026-02-18,25.399999618530273,26.399999618530273,22.799999237060547,23.200000762939453,52005
2026-02-19,24.200000762939453,25.399999618530273,23.399999618530273,25.399999618530273,27325
2026-02-20,23.200000762939453,24.399999618530273,22.600000381469727,24.0,43000
2026-02-23,22.0,22.799999237060547,21.0,22.799999237060547,49140
2026-02-24,23.600000381469727,24.0,21.600000381469727,21.799999237060547,40050
2026-02-25,25.0,26.0,24.0,24.200000762939453,51680
2026-02-26,24.200000762939453,25.0,23.200000762939453,24.399999618530273,18860
2026-02-27,24.399999618530273,26.200000762939453,24.200000762939453,24.799999237060547,55900
2026-03-02,22.799999237060547,23.979999542236328,22.600000381469727,23.799999237060547,34650
2026-03-03,22.799999237060547,23.399999618530273,21.5,22.600000381469727,34165
2026-03-04,22.399999618530273,22.799999237060547,21.200000762939453,22.200000762939453,45370
2026-03-05,23.200000762939453,23.399999618530273,22.200000762939453,22.600000381469727,31900
2026-03-06,23.0,23.200000762939453,22.200000762939453,23.079999923706055,20600
2026-03-09,22.200000762939453,22.799999237060547,21.600000381469727,22.799999237060547,26310
2026-03-10,21.600000381469727,21.799999237060547,21.200000762939453,21.799999237060547,22975
2026-03-11,20.600000381469727,21.600000381469727,20.5,21.399999618530273,27780
2026-03-12,21.600000381469727,21.799999237060547,19.979999542236328,20.600000381469727,22515
2026-03-13,21.200000762939453,21.600000381469727,20.799999237060547,21.600000381469727,18355
2026-03-16,20.600000381469727,21.200000762939453,20.200000762939453,21.200000762939453,18095
2026-03-17,20.399999618530273,20.600000381469727,20.0,20.399999618530273,14815
2026-03-18,19.8799991607666,20.200000762939453,19.600000381469727,20.0,26905
2026-03-19,18.600000381469727,19.639999389648438,17.920000076293945,19.639999389648438,42255
2026-03-20,20.799999237060547,21.0,18.8799991607666,19.15999984741211,65725
2026-03-23,19.540000915527344,21.299999237060547,19.200000762939453,21.299999237060547,57570
2026-03-24,18.459999084472656,19.020000457763672,17.5,19.020000457763672,22750
2026-03-25,19.3799991607666,19.600000381469727,18.459999084472656,18.459999084472656,16930
2026-03-26,19.899999618530273,20.799999237060547,18.600000381469727,19.399999618530273,44925
2026-03-27,21.399999618530273,21.5,20.0,20.0,47650
2026-03-30,19.399999618530273,21.399999618530273,19.200000762939453,21.399999618530273,29215
2026-03-31,19.020000457763672,19.260000228881836,18.399999618530273,19.0,38760
2026-04-01,17.0,19.0,16.6200008392334,16.860000610351562,51730
2026-04-02,16.81999969482422,17.0,16.399999618530273,16.84000015258789,23170
2026-04-06,15.800000190734863,16.799999237060547,15.119999885559082,16.799999237060547,25230
2026-04-07,11.800000190734863,15.800000190734863,11.800000190734863,15.420000076293945,76740
2026-04-08,12.0,12.399999618530273,11.0,12.0,47020
2026-04-09,11.84000015258789,13.15999984741211,11.420000076293945,12.600000381469727,98395
2026-04-10,10.739999771118164,11.819999694824219,10.640000343322754,11.65999984741211,43725
2026-04-13,13.739999771118164,13.899999618530273,10.380000114440918,10.779999732971191,78945
2026-04-14,13.699999809265137,13.960000038146973,12.619999885559082,13.899999618530273,34830
2026-04-15,14.819999694824219,15.119999885559082,13.199999809265137,13.699999809265137,46805
2026-04-16,12.399999618530273,14.899999618530273,12.0600004196167,14.899999618530273,47665
2026-04-17,12.5600004196167,13.199999809265137,12.220000267028809,12.600000381469727,52915
2026-04-20,12.199999809265137,12.760000228881836,12.0,12.15999984741211,20590
2026-04-21,11.359999656677246,12.180000305175781,11.359999656677246,12.140000343322754,36795
2026-04-22,11.119999885559082,11.720000267028809,11.100000381469727,11.220000267028809,32470
2026-04-23,10.800000190734863,11.0,10.220000267028809,10.9399995803833,39670
2026-04-24,9.640000343322754,10.800000190734863,9.600000381469727,10.800000190734863,79475
2026-04-27,8.279999732971191,9.680000305175781,8.239999771118164,9.640000343322754,98520
2026-04-28,7.940000057220459,8.5,7.800000190734863,8.399999618530273,64975
2026-04-29,6.099999904632568,7.400000095367432,6.099999904632568,7.239999771118164,93615
2026-04-30,6.480000019073486,7.400000095367432,5.699999809265137,5.860000133514404,119705
2026-05-01,6.019999980926514,6.619999885559082,6.0,6.599999904632568,98110
2026-05-04,6.699999809265137,7.159999847412109,6.039999961853027,6.199999809265137,107955
2026-05-05,5.619999885559082,7.119999885559082,5.599999904632568,7.099999904632568,126440
2026-05-06,4.400000095367432,4.599999904632568,4.0,4.579999923706055,277735
2026-05-07,6.380000114440918,7.679999828338623,4.800000190734863,4.800000190734863,1051215
2026-05-08,6.090000152587891,6.900000095367432,5.119999885559082,6.820000171661377,308100
2026-05-11,6.519999980926514,7.590000152587891,5.951000213623047,6.090000152587891,316700
2026-05-12,4.809999942779541,6.400000095367432,4.679999828338623,6.289999961853027,168600
2026-05-13,5.050000190734863,5.650000095367432,4.900000095367432,5.019999980926514,329400
2026-05-14,6.53000020980835,6.940000057220459,4.849999904632568,5.130000114440918,345300
2026-05-15,7.659999847412109,8.175000190734863,5.75,6.340000152587891,296600
2026-05-18,5.079999923706055,7.5,5.059999942779541,6.900000095367432,320500
2026-05-19,3.809999942779541,5.179999828338623,3.619999885559082,5.119999885559082,343800
2026-05-20,3.5399999618530273,3.569999933242798,3.240000009536743,3.430000066757202,5856200
2026-05-21,3.4800000190734863,3.7200000286102295,3.240000009536743,3.4100000858306885,959300
2026-05-22,3.450000047683716,3.5899999141693115,3.309999942779541,3.309999942779541,332000
2026-05-26,4.079999923706055,4.199999809265137,3.309999942779541,3.444999933242798,688000
2026-05-27,3.4000000953674316,4.013999938964844,3.4000000953674316,3.8399999141693115,253400
2026-05-28,3.4600000381469727,3.680000066757202,3.319999933242798,3.549999952316284,390500
2026-05-29,3.880000114440918,4.0,3.549999952316284,3.75,523800
2026-06-01,3.5199999809265137,4.0,3.4570000171661377,3.8949999809265137,253500
2026-06-02,3.309999942779541,3.509999990463257,3.25,3.450000047683716,201800
2026-06-03,3.1500000953674316,3.359999895095825,3.0899999141693115,3.309999942779541,200900
2026-06-04,3.0999999046325684,3.380000114440918,3.065000057220459,3.190000057220459,210900
2026-06-05,3.009999990463257,3.0999999046325684,2.9000000953674316,3.0299999713897705,191600
2026-06-08,3.430000066757202,3.5,2.9000000953674316,2.9100000858306885,296300
2026-06-09,3.109999895095825,3.5,3.0199999809265137,3.440000057220459,164600
2026-06-10,3.2100000381469727,3.25,3.009999990463257,3.009999990463257,177200
2026-06-11,3.0199999809265137,3.2200000286102295,2.9600000381469727,3.2100000381469727,193200
2026-06-12,2.7799999713897705,3.234999895095825,2.7699999809265137,3.0,205900
2026-06-15,3.2200000286102295,4.0,2.799999952316284,2.819999933242798,2448400
2026-06-16,3.0,3.2290000915527344,2.9000000953674316,3.0999999046325684,235300
2026-06-17,3.2899999618530273,3.3499999046325684,2.950000047683716,2.9800000190734863,399100
2026-06-18,3.4800000190734863,3.819999933242798,3.4000000953674316,3.430000066757202,397000
2026-06-22,3.190000057220459,3.316999912261963,3.0999999046325684,3.2200000286102295,130900
2026-06-23,3.240000009536743,3.299999952316284,3.109999895095825,3.200000047683716,56900
2026-06-24,2.950000047683716,3.187999963760376,2.940000057220459,3.0999999046325684,146700
2026-06-25,2.9000000953674316,3.069999933242798,2.8399999141693115,3.0,123700
2026-06-26,2.9700000286102295,3.0899999141693115,2.819999933242798,2.819999933242798,112900
2026-06-29,3.009999990463257,3.0999999046325684,2.9100000858306885,2.9800000190734863,146300
2026-06-30,3.0199999809265137,3.078000068664551,2.9100000858306885,3.0,160200
2026-07-01,2.9800000190734863,3.069999933242798,2.9200000762939453,2.9800000190734863,134200
2026-07-02,2.9800000190734863,3.0399999618530273,2.9200000762939453,2.9600000381469727,98800
2026-07-06,3.25,3.2709999084472656,2.8499999046325684,3.0,1820800
2026-07-07,3.359999895095825,3.380000114440918,2.9539999961853027,3.119999885559082,316600
2026-07-08,3.0399999618530273,3.2269999980926514,3.0,3.1649999618530273,169100
2026-07-09,3.0399999618530273,3.1700000762939453,2.950000047683716,3.0399999618530273,160500
2026-07-10,3.240000009536743,3.3499999046325684,2.990000009536743,3.0399999618530273,348400
2026-07-13,2.4000000953674316,2.450000047683716,2.0799999237060547,2.4200000762939453,593100
2026-07-14,2.740000009536743,2.799999952316284,2.440000057220459,2.440000057220459,456300
2026-07-15,2.690000057220459,2.7950000762939453,2.609999895095825,2.700000047683716,113800
2026-07-16,2.4100000858306885,2.7079999446868896,2.4000000953674316,2.6700000762939453,177100
2026-07-17,2.4200000762939453,2.5820000171661377,2.309999942779541,2.3299999237060547,81900
2026-07-20,2.1700000762939453,2.365000009536743,2.0799999237060547,2.309999942779541,288700
2026-07-21,2.0199999809265137,2.2100000381469727,2.0,2.119999885559082,220900
2026-07-22,2.140000104904175,2.200000047683716,2.009999990463257,2.009999990463257,116900
2026-07-23,2.2300000190734863,2.2899999618530273,2.109999895095825,2.109999895095825,67300
2026-07-24,2.200000047683716,2.2799999713897705,2.1419999599456787,2.190000057220459,68300
2026-07-27,2.119999885559082,2.2780001163482666,2.0899999141693115,2.140000104904175,68600
2026-07-28,1.909999966621399,2.125,1.899999976158142,2.0999999046325684,223100
2026-07-29,1.75,1.9500000476837158,1.75,1.9299999475479126,156500
2026-07-30,1.8200000524520874,1.850000023841858,1.7100000381469727,1.7699999809265137,140300
2026-07-31,1.850000023841858,1.8899999856948853,1.7619999647140503,1.8200000524520874,72800
2026-08-03,1.940000057220459,2.0,1.8200000524520874,1.8600000143051147,90700
2026-08-04,1.899999976158142,1.9800000190734863,1.809999942779541,1.909999966621399,107800
2026-08-05,1.7699999809265137,1.9229999780654907,1.7649999856948853,1.8600000143051147,85700
2026-08-06,1.909999966621399,1.940000057220459,1.7599999904632568,1.7799999713897705,231400
2026-08-07,1.7599999904632568,1.940000057220459,1.7200000286102295,1.850000023841858,185200
2026-08-10,1.659999966621399,1.75,1.6549999713897705,1.7000000476837158,120000
2026-08-11,1.7000000476837158,1.7400000095367432,1.600000023841858,1.659999966621399,98800
2026-08-12,1.7400000095367432,1.75,1.6200000047683716,1.7100000381469727,312300
2026-08-13,1.7000000476837158,1.75,1.6699999570846558,1.6699999570846558,181200
2026-08-14,1.7000000476837158,1.7899999618530273,1.7000000476837158,1.7000000476837158,240800
2026-08-17,1.4500000476837158,1.6200000047683716,1.4500000476837158,1.6200000047683716,335900
2026-08-18,1.3600000143051147,1.5800000429153442,1.309999942779541,1.4600000381469727,433100
2026-08-19,1.4299999475479126,1.75,1.2400000095367432,1.3799999952316284,878800
2026-08-20,1.3899999856948853,1.440000057220459,1.3700000047683716,1.440000057220459,144000
2026-08-21,1.2999999523162842,1.409999966621399,1.2699999809265137,1.3700000047683716,205000
2026-08-24,1.2000000476837158,1.2599999904632568,1.1399999856948853,1.25,276400
2026-08-25,1.2300000190734863,1.2899999618530273,1.1399999856948853,1.159999966621399,169700
2026-08-26,1.1799999475479126,1.2380000352859497,1.149999976158142,1.2300000190734863,151500
2026-08-27,1.190000057220459,1.2200000286102295,1.149999976158142,1.149999976158142,129600
2026-08-31,1.100000023841858,1.1299999952316284,1.0399999618530273,1.0399999618530273,165900
2026-09-01,1.0700000524520874,1.100000023841858,1.0499999523162842,1.100000023841858,65700
